molecule_chembl_id,canonical_smiles,standard_value,pIC50
CHEMBL2114210,OC[C@H]1N[C@H](CO)[C@@H](O)C(O)[C@@H]1O,110000.0,3.958607314841775
CHEMBL87169,OCC1NC(CO)[C@@H](O)C(O)C1O,700.0,6.154901959985743
CHEMBL2115215,OC[C@@H]1N[C@H](CO)[C@@H](O)[C@H](O)[C@@H]1O,3200.0,5.494850021680094
CHEMBL501355,OC[C@H]1N[C@H](CO)[C@@H](O)[C@H](O)[C@H]1O,40.0,7.3979400086720375
CHEMBL2093897,OC[C@@H]1N[C@H](CO)[C@@H](O)[C@H](O)[C@H]1O,8400.0,5.075720713938118
CHEMBL2442258,CN1[C@H](CO)[C@H](O)[C@@H](O)[C@H](O)[C@H]1CO,60.0,7.221848749616356
CHEMBL3084806,CCCCN1[C@H](CO)[C@H](O)[C@@H](O)[C@H](O)[C@H]1CO,4200.0,5.376750709602099
CHEMBL77918,CCCCN1[C@H](CO)[C@@H](O)[C@H](O)[C@H]1CO,50000.0,4.301029995663981
CHEMBL307429,OC[C@H]1NC[C@H](O)[C@@H](O)[C@@H]1O,360.0,6.443697499232712
CHEMBL80254,OC[C@H]1NC[C@@H](O)[C@@H]1O,55000.0,4.259637310505756
CHEMBL310229,CCCCN1C[C@@H](O)[C@H](O)[C@H]1CO,50000.0,4.301029995663981
CHEMBL310231,CN1[C@H](CO)[C@@H](O)[C@H](O)[C@H]1CO,50000.0,4.301029995663981
CHEMBL312653,OC[C@H]1N[C@H](CO)[C@@H](O)[C@@H]1O,50000.0,4.301029995663981
CHEMBL1029,CCCCN1C[C@H](O)[C@@H](O)[C@H](O)[C@H]1CO,2100.0,5.6777807052660805
CHEMBL75971,CN1C[C@H](O)[C@@H](O)[C@H](O)[C@H]1CO,120.0,6.920818753952375
CHEMBL80148,CN1C[C@@H](O)[C@H](O)[C@H]1CO,500000.0,3.3010299956639813
CHEMBL44,O=c1c(-c2ccc(O)cc2)coc2cc(O)cc(O)c12,10400.0,4.982966660701219
CHEMBL44,O=c1c(-c2ccc(O)cc2)coc2cc(O)cc(O)c12,2610.0,5.583359492661719
CHEMBL422734,CCCCCCCCNC1C=C(CO)C(O)C(O)C1O,17000.0,4.769551078621726
CHEMBL176679,CCCCCCCCCCNC1C=C(CO)C(O)C(O)C1O,,
CHEMBL1230806,N[C@H]1C=C(CO)[C@@H](O)[C@H](O)[C@H]1O,100000.0,4.0
CHEMBL369361,CCCCCCCCCCCCC/C=C/[C@@H](O)[C@H](CNC1C=C(CO)C(O)C(O)C1O)NC(=O)CCCCCCCCCCCCCCC,,
CHEMBL367666,CCCCNC1C=C(CO)C(O)C(O)C1O,100000.0,4.0
CHEMBL426933,CCCCCCCCCCCCCCCCCCNC1C=C(CO)C(O)C(O)C1O,100000.0,4.0
CHEMBL174067,OC1C(O)C(O)C2OC2C1O,100000.0,4.0
CHEMBL170431,CCCCCCCCCCCCCCNC1C=C(CO)C(O)C(O)C1O,,
CHEMBL1744444,C[C@]12CCC(=O)C[C@@H]1CC[C@@H]1[C@@H]2CC[C@]2(C)[C@@H](O)CC[C@@H]12.C[C@]12CC[C@H]3[C@@H](CCC4CC(=O)CC[C@@]43C)[C@@H]1CC[C@@H]2O,100000.0,4.0
CHEMBL354193,CCCCCCNC1C=C(CO)C(O)C(O)C1O,50000.0,4.301029995663981
CHEMBL2374254,OC[C@@]1(O)C[C@H](NC[C@H](O)c2ccccc2)[C@H](O)[C@H](O)[C@H]1O,5.8,8.236572006437063
CHEMBL2051980,CO[C@H]1O[C@H](C)[C@@H](N[C@H]2C=C(CO)[C@@H](O)[C@H](O)[C@H]2O)[C@H](O)[C@H]1O,3200.0,5.494850021680094
CHEMBL2051761,C[C@H]1C[C@H](N)[C@H](O)[C@@H](O)[C@@H]1N[C@H]1C[C@](O)(CO)[C@@H](O)[C@H](O)[C@H]1O,28.0,7.552841968657781
CHEMBL2051982,C[C@H]1C[C@@H](O)[C@H](O)[C@@H](O)[C@H]1N[C@H]1C[C@](O)(CO)[C@@H](O)[C@H](O)[C@H]1O,70.0,7.154901959985743
CHEMBL2374252,OC[C@@H](N[C@H]1C[C@](O)(CO)[C@@H](O)[C@H](O)[C@H]1O)c1ccccc1,34000.0,4.468521082957745
CHEMBL3349433,OC[C@@]1(O)C[C@H](NCC2CCCCC2)[C@H](O)[C@@H](O)[C@@H]1O,240.0,6.619788758288394
CHEMBL1230806,N[C@H]1C=C(CO)[C@@H](O)[C@H](O)[C@H]1O,340000.0,3.4685210829577446
CHEMBL3349432,OC[C@@]1(O)C[C@H](N[C@@H]2CCCC[C@H]2O)[C@H](O)[C@@H](O)[C@@H]1O,6.1,8.214670164989233
CHEMBL3349431,OCN(CO)[C@H]1C[C@](O)(CO)[C@@H](O)[C@H](O)[C@H]1O,15.0,7.823908740944319
CHEMBL3349439,OC[C@@]1(O)C[C@H](N[C@H]2CCCC[C@@H]2O)[C@H](O)[C@@H](O)[C@@H]1O,1600.0,5.795880017344075
CHEMBL3349435,OC[C@@]1(O)C[C@H](NCc2ccc(Br)cc2)[C@H](O)[C@@H](O)[C@@H]1O,230.0,6.638272163982407
CHEMBL2051983,CO[C@H]1O[C@H](C)[C@@H](N[C@H]2C[C@](O)(CO)[C@@H](O)[C@H](O)[C@H]2O)[C@H](O)[C@H]1O,4.9,8.309803919971486
CHEMBL3349440,OCC(CO)N[C@H]1C[C@H](CO)[C@@H](O)[C@H](O)[C@H]1O,550.0,6.259637310505756
CHEMBL222396,N[C@H]1C[C@](O)(CO)[C@@H](O)[C@H](O)[C@H]1O,2200.0,5.657577319177793
CHEMBL2051762,C[C@H]1C[C@H](O)[C@H](O)[C@@H](O)[C@H]1N[C@H]1C[C@](O)(CO)[C@@H](O)[C@H](O)[C@H]1O,68.0,7.167491087293763
CHEMBL1628264,N[C@H]1C[C@H](CO)[C@@H](O)[C@H](O)[C@H]1O,110000.0,3.958607314841775
CHEMBL3349436,OCC1=C[C@H](NC(CO)CO)[C@H](O)[C@@H](O)[C@@H]1O,5900.0,5.229147988357856
CHEMBL2051978,C[C@H]1C[C@H](N)[C@H](O)[C@@H](O)[C@H]1N[C@H]1C[C@](O)(CO)[C@@H](O)[C@H](O)[C@H]1O,1500.0,5.823908740944319
CHEMBL2051981,CO[C@H]1O[C@H](CO)[C@@H](N[C@H]2C[C@](O)(CO)[C@@H](O)[C@H](O)[C@H]2O)[C@H](O)[C@H]1O,72.0,7.142667503568732
CHEMBL3349441,OC[C@@]1(O)C[C@H](NCc2cccs2)[C@H](O)[C@@H](O)[C@@H]1O,200.0,6.698970004336019
CHEMBL2374255,OC[C@@]1(O)C[C@H](NC[C@@H](O)c2ccccc2)[C@H](O)[C@H](O)[C@H]1O,5000.0,5.301029995663981
CHEMBL2051763,CO[C@H]1O[C@H](CO)[C@@H](N[C@H]2C=C(CO)[C@@H](O)[C@H](O)[C@H]2O)[C@H](O)[C@H]1O,7200.0,5.142667503568732
CHEMBL3349438,CC(C)=CCC/C(C)=C/CN[C@H]1C[C@](O)(CO)[C@@H](O)[C@H](O)[C@H]1O,520.0,6.2839966563652006
CHEMBL2051760,CO[C@H]1O[C@H](C)[C@H](N[C@H]2C[C@](O)(CO)[C@@H](O)[C@H](O)[C@H]2O)[C@H](O)[C@H]1O,650.0,6.187086643357144
CHEMBL3349443,OC[C@@]1(O)C[C@H](NC/C=C/c2ccccc2)[C@H](O)[C@@H](O)[C@@H]1O,270.0,6.568636235841013
CHEMBL2051979,CO[C@H]1O[C@H](CO)[C@H](N[C@H]2C=C(CO)[C@@H](O)[C@H](O)[C@H]2O)[C@H](O)[C@H]1O,80000.0,4.096910013008056
CHEMBL2374253,OC[C@H](N[C@H]1C[C@](O)(CO)[C@@H](O)[C@H](O)[C@H]1O)c1ccccc1,13.0,7.886056647693163
CHEMBL3349446,OC[C@@]1(O)C[C@H](NCc2cccnc2)[C@H](O)[C@@H](O)[C@@H]1O,330.0,6.481486060122113
CHEMBL3349437,OC[C@@]1(O)C[C@H](NCCc2ccccc2)[C@H](O)[C@@H](O)[C@@H]1O,100.0,7.0
CHEMBL3349434,OC[C@@]1(O)C[C@H](NC2CCCCC2)[C@H](O)[C@@H](O)[C@@H]1O,410.0,6.3872161432802645
CHEMBL3349442,CC(C)(C)c1cc(CN[C@H]2C[C@](O)(CO)[C@@H](O)[C@H](O)[C@H]2O)cc(C(C)(C)C)c1O,43.0,7.366531544420414
CHEMBL2051764,CO[C@H]1O[C@H](C)[C@H](N[C@H]2C=C(CO)[C@@H](O)[C@H](O)[C@H]2O)[C@H](O)[C@H]1O,100000.0,4.0
CHEMBL2051759,CO[C@H]1O[C@H](CO)[C@H](N[C@H]2C[C@](O)(CO)[C@@H](O)[C@H](O)[C@H]2O)[C@H](O)[C@H]1O,100.0,7.0
CHEMBL307429,OC[C@H]1NC[C@H](O)[C@@H](O)[C@@H]1O,40.0,7.3979400086720375
CHEMBL380336,C=C1CC[C@@H]2[C@]3(C)COC(c4ccccc4)O[C@@H]3CC[C@@]2(C)[C@@H]1C/C=C1/C(=O)OC[C@H]1O,101000.0,3.9956786262173574
CHEMBL205969,C[C@]1(CO)[C@H]2CC[C@@]3(CO3)[C@@H](/C=C/C3=C/C(=C/C=C/c4ccccc4)OC3=O)[C@]2(C)CC[C@H]1O,101000.0,3.9956786262173574
CHEMBL205155,COc1ccc(/C=C2/C=C(/C=C/[C@@H]3[C@@]4(CC[C@@H]5[C@](C)(CO)[C@H](O)CC[C@]53C)CO4)C(=O)O2)cc1,120000.0,3.9208187539523753
CHEMBL209093,C=C1CC[C@@H]2[C@](C)(CO)[C@H](O)CC[C@@]2(C)[C@@H]1/C=C/C1=C/C(=C/C=C/c2ccccc2)OC1=O,58000.0,4.236572006437063
CHEMBL377520,C=C1CC[C@@H]2[C@](C)(CO)[C@H](O)CC[C@@]2(C)[C@@H]1/C=C/C1=C/C(=C/c2ccc(OC)cc2)OC1=O,16000.0,4.795880017344075
CHEMBL206309,C=C1CC[C@@H]2[C@](C)(CO)[C@H](O)CC[C@@]2(C)[C@@H]1/C=C/C1=C/C(=C/CCC)OC1=O,110000.0,3.958607314841775
CHEMBL379280,C=C1CC[C@@H]2[C@]3(C)COC(c4cccc(Br)c4)O[C@@H]3CC[C@@]2(C)[C@@H]1C/C=C1/C(=O)OC[C@H]1O,100000.0,4.0
CHEMBL241374,C=C1CC[C@@H]2[C@](C)(CO)[C@H](O)CC[C@@]2(C)[C@@H]1/C=C/C1=C/C(=C/c2ccco2)OC1=O,100000.0,4.0
CHEMBL238604,C=C1CC[C@@H]2[C@](C)(CO)[C@H](O)CC[C@@]2(C)[C@@H]1/C=C/C1=C/C(=C/c2cc(OC)c(OC)cc2OC)OC1=O,84000.0,4.075720713938118
CHEMBL398800,C=C1CC[C@@H]2[C@](C)(CO)[C@H](O)CC[C@@]2(C)[C@@H]1/C=C/C1=C/C(=C/c2ccc3c(c2)OCO3)OC1=O,82000.0,4.086186147616283
CHEMBL377520,C=C1CC[C@@H]2[C@](C)(CO)[C@H](O)CC[C@@]2(C)[C@@H]1/C=C/C1=C/C(=C/c2ccc(OC)cc2)OC1=O,16000.0,4.795880017344075
CHEMBL241165,C=C1CC[C@@H]2[C@](C)(CO)[C@H](O)CC[C@@]2(C)[C@@H]1/C=C/C1=C/C(=C/c2ccc(N(C)C)cc2)OC1=O,70000.0,4.154901959985743
CHEMBL394049,C=C1CC[C@@H]2[C@](C)(COC(=O)c3cccnc3)[C@H](OC(=O)c3cccnc3)CC[C@@]2(C)[C@@H]1/C=C/C1=C/C(=C\c2ccc(OC)cc2)OC1=O,11000.0,4.958607314841775
CHEMBL240080,C=C1CC[C@@H]2[C@](C)(COC(=O)c3cccnc3)[C@H](OC(=O)c3cccnc3)CC[C@@]2(C)[C@@H]1/C=C/C1=C/C(=C/c2ccco2)OC1=O,36000.0,4.443697499232712
CHEMBL437564,C=C1CC[C@@H]2[C@](C)(COC(=O)c3cccnc3)[C@H](OC(=O)c3cccnc3)CC[C@@]2(C)[C@@H]1/C=C/C1=C/C(=C\c2ccc(N(C)C)cc2)OC1=O,25000.0,4.6020599913279625
CHEMBL396679,C=C1CC[C@@H]2[C@](C)(COC(=O)c3cccnc3)[C@H](OC(=O)c3cccnc3)CC[C@@]2(C)[C@@H]1/C=C/C1=C/C(=C\c2cccc(Br)c2)OC1=O,14000.0,4.853871964321762
CHEMBL394682,C=C1CC[C@@H]2[C@](C)(COC(=O)c3cccnc3)[C@H](OC(=O)c3cccnc3)CC[C@@]2(C)[C@@H]1/C=C/C1=C/C(=C\c2ccc(Cl)cc2)OC1=O,6000.0,5.221848749616356
CHEMBL396678,C=C1CC[C@@H]2[C@](C)(COC(=O)c3cccnc3)[C@H](OC(=O)c3cccnc3)CC[C@@]2(C)[C@@H]1/C=C/C1=C/C(=C\c2ccccc2)OC1=O,16000.0,4.795880017344075
CHEMBL396677,C=C1CC[C@@H]2[C@](C)(COC(=O)c3cccnc3)[C@H](OC(=O)c3cccnc3)CC[C@@]2(C)[C@@H]1/C=C/C1=C/C(=C\C(C)=C\CCC/C=C/C)OC1=O,28000.0,4.552841968657781
CHEMBL238603,C=C1CC[C@@H]2[C@](C)(CO)[C@H](O)CC[C@@]2(C)[C@@H]1/C=C/C1=C/C(=C/c2ccccc2)OC1=O,58000.0,4.236572006437063
CHEMBL307429,OC[C@H]1NC[C@H](O)[C@@H](O)[C@@H]1O,2000.0,5.698970004336019
CHEMBL1561,OCCN1C[C@H](O)[C@@H](O)[C@H](O)[C@H]1CO,6000.0,5.221848749616356
CHEMBL1029,CCCCN1C[C@H](O)[C@@H](O)[C@H](O)[C@H]1CO,9000.0,5.045757490560675
CHEMBL574645,OC[C@@H]1[C@@H](O)[C@H](O)[C@@H](O)CN1CCCCCOCC12CC3CC(CC(C3)C1)C2,4000.0,5.3979400086720375
CHEMBL175901,OC[C@@H]1NC[C@H](O)[C@@H](O)[C@@H]1O,1000000.0,3.0
CHEMBL1076754,CCCCN1C[C@H](O)[C@@H](O)[C@H](O)[C@@H]1CO,1000000.0,3.0
CHEMBL1086996,OC[C@H]1[C@@H](O)[C@H](O)[C@@H](O)CN1CCCCCOCC12CC3CC(CC(C3)C1)C2,1000000.0,3.0
CHEMBL110458,OC[C@H]1NC[C@H](O)[C@@H](O)[C@H]1O,1500.0,5.823908740944319
CHEMBL1086997,CCCCN1C[C@H](O)[C@@H](O)[C@@H](O)[C@H]1CO,10000.0,5.0
CHEMBL1088158,OC[C@@H]1[C@H](O)[C@H](O)[C@@H](O)CN1CCCCCOCC12CC3CC(CC(C3)C1)C2,15000.0,4.823908740944319
CHEMBL179409,OC[C@@H]1NC[C@H](O)[C@@H](O)[C@H]1O,1000000.0,3.0
CHEMBL1088291,CCCCN1C[C@H](O)[C@@H](O)[C@@H](O)[C@@H]1CO,1000000.0,3.0
CHEMBL1088292,OC[C@H]1[C@H](O)[C@H](O)[C@@H](O)CN1CCCCCOCC12CC3CC(CC(C3)C1)C2,1000000.0,3.0
CHEMBL574645,OC[C@@H]1[C@@H](O)[C@H](O)[C@@H](O)CN1CCCCCOCC12CC3CC(CC(C3)C1)C2,3000.0,5.522878745280337
CHEMBL1086996,OC[C@H]1[C@@H](O)[C@H](O)[C@@H](O)CN1CCCCCOCC12CC3CC(CC(C3)C1)C2,500000.0,3.3010299956639813
CHEMBL3354025,OC[C@@H]1[C@@H](O)[C@H](O)[C@@H](O)CN1CCCCCOCc1ccc(-c2ccccc2)cc1,2000.0,5.698970004336019
CHEMBL3354038,OC[C@H]1[C@@H](O)[C@H](O)[C@@H](O)CN1CCCCCOCc1ccc(-c2ccccc2)cc1,100000.0,4.0
CHEMBL3354062,OC[C@@H]1[C@@H](O)[C@H](O)[C@@H](O)CN1CCCCCOCc1ccccc1-c1ccccc1,1500.0,5.823908740944319
CHEMBL3354063,OC[C@@H]1[C@@H](O)[C@H](O)[C@@H](O)CN1CCCCCOCc1cccc(-c2ccccc2)c1,1500.0,5.823908740944319
CHEMBL3354620,OC[C@@H]1[C@@H](O)[C@H](O)[C@@H](O)CN1CC(F)(F)CCCOCc1ccc(-c2ccccc2)cc1,100000.0,4.0
CHEMBL3354621,OC[C@@H]1[C@@H](O)[C@H](O)[C@@H](O)CN1CCCC(F)(F)COCc1ccc(-c2ccccc2)cc1,9000.0,5.045757490560675
CHEMBL3354622,C[C@H](OCCCCCN1C[C@H](O)[C@@H](O)[C@H](O)[C@H]1CO)c1ccc(-c2ccccc2)cc1,2500.0,5.6020599913279625
CHEMBL3354623,C[C@@H](OCCCCCN1C[C@H](O)[C@@H](O)[C@H](O)[C@H]1CO)c1ccc(-c2ccccc2)cc1,4000.0,5.3979400086720375
CHEMBL3354624,OC[C@@H]1[C@@H](O)[C@H](O)[C@@H](O)CN1CCCCCOCc1ccc(-c2ccccc2)cc1F,2500.0,5.6020599913279625
CHEMBL3354625,OC[C@@H]1[C@@H](O)[C@H](O)[C@@H](O)CN1CCCCCOCc1ccc(-c2ccccc2)c(F)c1,3000.0,5.522878745280337
CHEMBL3354626,OC[C@@H]1[C@@H](O)[C@H](O)[C@@H](O)CN1CCCCCOCc1ccc(-c2ccccc2)cc1C(F)(F)F,8000.0,5.096910013008056
CHEMBL3354627,OC[C@@H]1[C@@H](O)[C@H](O)[C@@H](O)CN1CCCCCOCc1ccc(-c2ccccc2)c(C(F)(F)F)c1,7000.0,5.154901959985743
CHEMBL3354628,C[C@H](OCCCCCN1C[C@H](O)[C@@H](O)[C@H](O)[C@@H]1CO)c1ccc(-c2ccccc2)cc1,100000.0,4.0
CHEMBL3354629,C[C@@H](OCCCCCN1C[C@H](O)[C@@H](O)[C@H](O)[C@@H]1CO)c1ccc(-c2ccccc2)cc1,100000.0,4.0
CHEMBL3354630,OC[C@H]1[C@@H](O)[C@H](O)[C@@H](O)CN1CCCCCOCc1ccccc1-c1ccccc1,100000.0,4.0
CHEMBL3354631,OC[C@H]1[C@@H](O)[C@H](O)[C@@H](O)CN1CCCCCOCc1cccc(-c2ccccc2)c1,100000.0,4.0
CHEMBL3354632,OC[C@H]1[C@@H](O)[C@H](O)[C@@H](O)CN1CC(F)(F)CCCOCc1ccc(-c2ccccc2)cc1,100000.0,4.0
CHEMBL3354633,OC[C@H]1[C@@H](O)[C@H](O)[C@@H](O)CN1CCCC(F)(F)COCc1ccc(-c2ccccc2)cc1,100000.0,4.0
CHEMBL3354634,OC[C@H]1[C@@H](O)[C@H](O)[C@@H](O)CN1CCCCCOCc1ccc(-c2ccccc2)cc1C(F)(F)F,100000.0,4.0
CHEMBL3354635,OC[C@H]1[C@@H](O)[C@H](O)[C@@H](O)CN1CCCCCOCc1ccc(-c2ccccc2)c(C(F)(F)F)c1,100000.0,4.0
CHEMBL3354636,OC[C@H]1[C@@H](O)[C@H](O)[C@@H](O)CN1CCCCCOCc1ccc(-c2ccccc2)cc1F,100000.0,4.0
CHEMBL3354637,OC[C@H]1[C@@H](O)[C@H](O)[C@@H](O)CN1CCCCCOCc1ccc(-c2ccccc2)c(F)c1,100000.0,4.0
CHEMBL3407617,COc1ccc(O)c(/C=N/NC(=O)c2ccc(-c3nc4ccccc4s3)cc2)c1,6500.0,5.187086643357144
CHEMBL3407618,O=C(N/N=C\c1ccccn1)c1ccc(-c2nc3ccccc3s2)cc1,10230.0,4.99012436628784
CHEMBL3407620,O=C(N/N=C/c1ccc(O)cc1)c1ccc(-c2nc3ccccc3s2)cc1,11290.0,4.947306058075032
CHEMBL3407621,O=C(N/N=C/c1cccs1)c1ccc(-c2nc3ccccc3s2)cc1,8480.0,5.071604147743286
CHEMBL3407622,O=C(N/N=C/c1cccc(O)c1O)c1ccc(-c2nc3ccccc3s2)cc1,11220.0,4.950007143079858
CHEMBL3407623,COc1ccc(/C=N/NC(=O)c2ccc(-c3nc4ccccc4s3)cc2)c(O)c1,6970.0,5.15676722190199
CHEMBL3407624,O=C(N/N=C/c1ccccc1O)c1ccc(-c2nc3ccccc3s2)cc1,5550.0,5.255707016877324
CHEMBL3407625,O=C(N/N=C\c1ccco1)c1ccc(-c2nc3ccccc3s2)cc1,12750.0,4.894489815230026
CHEMBL3407626,O=C(N/N=C/c1ccc(O)c(O)c1)c1ccc(-c2nc3ccccc3s2)cc1,15090.0,4.82131076022441
CHEMBL3407627,O=C(N/N=C/c1ccc(O)cc1O)c1ccc(-c2nc3ccccc3s2)cc1,5580.0,5.253365801062421
CHEMBL3407630,O=C(N/N=C/c1ccc([N+](=O)[O-])cc1)c1ccc(-c2nc3ccccc3s2)cc1,26380.0,4.5787252087896535
CHEMBL404271,C[C@H]1O[C@H](O[C@H]2[C@H](O)[C@@H](O)[C@@H](O[C@H]3[C@H](O)[C@@H](O)C(O)O[C@@H]3CO)O[C@@H]2CO)[C@H](O)[C@@H](O)[C@@H]1N[C@H]1C=C(CO)[C@@H](O)[C@H](O)[C@H]1O,906000.0,3.042871802323187
CHEMBL3407632,O=C(N/N=C/c1ccc(F)cc1)c1ccc(-c2nc3ccccc3s2)cc1,7120.0,5.147520006363144
CHEMBL3407633,COc1cc(/C=N/NC(=O)c2ccc(-c3nc4ccccc4s3)cc2)cc(OC)c1,16170.0,4.791289980093599
CHEMBL3407634,O=C(N/N=C/c1ccccc1)c1ccc(-c2nc3ccccc3s2)cc1,8050.0,5.094204119632131
CHEMBL3407635,O=C(N/N=C/c1ccc(F)c(Br)c1)c1ccc(-c2nc3ccccc3s2)cc1,28020.0,4.552531869050244
CHEMBL3407636,COc1ccc(/C=N/NC(=O)c2ccc(-c3nc4ccccc4s3)cc2)cc1,18330.0,4.736837535037783
CHEMBL3407637,O=C(N/N=C/c1c(O)cc(O)cc1O)c1ccc(-c2nc3ccccc3s2)cc1,8370.0,5.07727454200674
CHEMBL3407638,O=C(N/N=C/c1ccc(O)c(Br)c1)c1ccc(-c2nc3ccccc3s2)cc1,8070.0,5.09312646527793
CHEMBL3407639,O=C(N/N=C/c1ccc(Cl)cc1)c1ccc(-c2nc3ccccc3s2)cc1,5310.0,5.274905478918531
CHEMBL3407640,COc1cccc(/C=N/NC(=O)c2ccc(-c3nc4ccccc4s3)cc2)c1,11090.0,4.95506845385084
CHEMBL3407641,O=C(N/N=C/c1cccc(O)c1)c1ccc(-c2nc3ccccc3s2)cc1,9210.0,5.035740369803151
CHEMBL3407643,COc1cc(/C=N/NC(=O)c2ccc(-c3nc4ccccc4s3)cc2)ccc1O,53340.0,4.272946988646143
CHEMBL3407644,COc1ccc(/C=N/NC(=O)c2ccc(-c3nc4ccccc4s3)cc2)c(I)c1O,44800.0,4.3487219860018556
CHEMBL3407645,O=C(N/N=C/c1cc(O)ccc1O)c1ccc(-c2nc3ccccc3s2)cc1,11850.0,4.926281649653878
CHEMBL3407646,O=C(N/N=C/c1cc(O)cc(O)c1)c1ccc(-c2nc3ccccc3s2)cc1,11120.0,4.953895212753961
CHEMBL3814747,CO[C@@H](CO)[C@H](O)C[S+]1C[C@@H](O)[C@H](O)[C@H]1CO.[Cl-],2000.0,5.698970004336019
CHEMBL3814838,CCO[C@@H](CO)[C@H](O)C[S+]1C[C@@H](O)[C@H](O)[C@H]1CO.[Cl-],960.0,6.017728766960431
CHEMBL3814555,CCCCCO[C@@H](CO)[C@H](O)C[S+]1C[C@@H](O)[C@H](O)[C@H]1CO.[Cl-],1500.0,5.823908740944319
CHEMBL3814911,CCCCCCCO[C@@H](CO)[C@H](O)C[S+]1C[C@@H](O)[C@H](O)[C@H]1CO.[Cl-],640.0,6.1938200260161125
CHEMBL3814264,CCCCCCCCCCCCCO[C@@H](CO)[C@H](O)C[S+]1C[C@@H](O)[C@H](O)[C@H]1CO.[Cl-],1100.0,5.958607314841775
CHEMBL3814988,CC(C)CO[C@@H](CO)[C@H](O)C[S+]1C[C@@H](O)[C@H](O)[C@H]1CO.[Cl-],690.0,6.161150909262744
CHEMBL3815109,CC(C)(C)CO[C@@H](CO)[C@H](O)C[S+]1C[C@@H](O)[C@H](O)[C@H]1CO.[Cl-],470.0,6.327902142064283
CHEMBL3814496,O=[N+]([O-])c1ccccc1CO[C@@H](CO)[C@H](O)C[S+]1C[C@@H](O)[C@H](O)[C@H]1CO.[Cl-],150.0,6.823908740944319
CHEMBL239249,O=S(=O)([O-])O[C@@H](CO)[C@H](O)C[S+]1C[C@@H](O)[C@H](O)[C@H]1CO,4900.0,5.309803919971486
CHEMBL1182462,OC[C@@H]1[C@@H](O)[C@H](O)C[S+]1C[C@@H](O)[C@@H](O)CO,9000.0,5.045757490560675
CHEMBL476960,OCC(CO)N[C@H]1C[C@](O)(CO)[C@@H](O)[C@H](O)[C@H]1O,1300.0,5.886056647693163
CHEMBL4299399,C[C@@H]1O[C@@H](O[C@@H]2[C@@H](O)[C@H](O)[C@H](O[C@H]3[C@H](O)[C@@H](O)C(O)O[C@@H]3CO)O[C@H]2CO)[C@@H](O)[C@H](O)[C@H]1N[C@H]1C=C(CO)[C@@H](O)[C@H](O)[C@H]1O,15200.0,4.818156412055227
CHEMBL1561,OCCN1C[C@H](O)[C@@H](O)[C@H](O)[C@H]1CO,3700.0,5.431798275933005
CHEMBL1208974,O=S(=O)([O-])O[C@@H](CO)[C@H](O)C[S@+]1C[C@@H](O)[C@H](O)[C@H]1CO,4900.0,5.309803919971486
CHEMBL1684162,[O-][C@@H](CO)[C@H](O)C[S@+]1C[C@@H](O)[C@H](O)[C@H]1CO,9000.0,5.045757490560675
CHEMBL476960,OCC(CO)N[C@H]1C[C@](O)(CO)[C@@H](O)[C@H](O)[C@H]1O,1300.0,5.886056647693163
CHEMBL404271,C[C@H]1O[C@H](O[C@H]2[C@H](O)[C@@H](O)[C@@H](O[C@H]3[C@H](O)[C@@H](O)C(O)O[C@@H]3CO)O[C@@H]2CO)[C@H](O)[C@@H](O)[C@@H]1N[C@H]1C=C(CO)[C@@H](O)[C@H](O)[C@H]1O,15200.0,4.818156412055227
CHEMBL1561,OCCN1C[C@H](O)[C@@H](O)[C@H](O)[C@H]1CO,3700.0,5.431798275933005
CHEMBL4757019,CCC[C@@H](O)[C@H](OS(=O)(=O)[O-])[C@H](O)C[S@+]1C[C@@H](O)[C@H](O)[C@H]1CO,4800.0,5.318758762624412
CHEMBL4744484,CCCCCC[C@@H](O)[C@H](OS(=O)(=O)[O-])[C@H](O)C[S@+]1C[C@@H](O)[C@H](O)[C@H]1CO,1700.0,5.769551078621726
CHEMBL4786471,CCCCCCCC[C@@H](O)[C@H](OS(=O)(=O)[O-])[C@H](O)C[S@+]1C[C@@H](O)[C@H](O)[C@H]1CO,1200.0,5.920818753952375
CHEMBL4779172,CCCCCCCCCC[C@@H](O)[C@H](OS(=O)(=O)[O-])[C@H](O)C[S@+]1C[C@@H](O)[C@H](O)[C@H]1CO,1500.0,5.823908740944319
CHEMBL4757822,CCCCCCCC[C@@H](O)[C@H](O)[C@H](O)C[S@+]1C[C@@H](O)[C@H](O)[C@H]1CO.CS(=O)(=O)[O-],2000.0,5.698970004336019
CHEMBL4757984,CCC[C@@H](O)[C@H](O)[C@H](O)C[S@+]1C[C@@H](O)[C@H](O)[C@H]1CO.CS(=O)(=O)[O-],5000.0,5.301029995663981
CHEMBL454551,COc1ccc([C@@H]2N[C@@H](CO)[C@H](O)[C@H]2O)cc1O,6700.0,5.173925197299174
CHEMBL4783560,OC[C@@H]1N[C@@H](c2ccc(O)cc2)[C@H](O)[C@H]1O,9300.0,5.031517051446065
CHEMBL307429,OC[C@H]1NC[C@H](O)[C@@H](O)[C@@H]1O,1400.0,5.853871964321762
CHEMBL4856375,C[C@]1(CO)NC[C@H](O)[C@@H](O)[C@@H]1O.Cl,1000.0,6.0
CHEMBL307429,OC[C@H]1NC[C@H](O)[C@@H](O)[C@@H]1O,8030.0,5.095284454721319
CHEMBL5083981,COc1ccc(-c2oc3cc(OC)cc(OC)c3c(=O)c2OCCCCCN2C[C@H](O)[C@@H](O)[C@H](O)[C@H]2CO)cc1,40560.0,4.391902053674721
CHEMBL5076041,COc1ccc(-c2oc3cc(OC)cc(OC)c3c(=O)c2OCCCCCCCCN2C[C@H](O)[C@@H](O)[C@H](O)[C@H]2CO)cc1,1780.0,5.749579997691106
CHEMBL5082173,COc1ccc(-c2oc3cc(OC)cc(OC)c3c(=O)c2OCCCCCCCCCCCN2C[C@H](O)[C@@H](O)[C@H](O)[C@H]2CO)cc1,240.0,6.619788758288394
CHEMBL5084733,C=C1C(=O)O[C@@H]2/C=C(\C)[C@@H](O)C/C=C(\C)C[C@@H](OC(=O)/C(=C\C)COC(C)=O)[C@@H]12,25000.0,4.6020599913279625
CHEMBL5094636,C=C1C(=O)O[C@@H]2/C=C(\C)CC/C=C(\C)C[C@@H](OC(=O)/C(=C\COC(C)=O)CO)[C@@H]12,29000.0,4.5376020021010435
CHEMBL5077500,C=C1C(=O)O[C@@H]2/C=C(\C)CC/C=C(\CO)C[C@@H](OC(=O)/C(C)=C/C)[C@@H]12,25000.0,4.6020599913279625
CHEMBL5070918,C=C1C(=O)O[C@@H]2/C=C(\C)CC/C=C(\C)C[C@@H](OC(=O)/C(=C\C)CO)[C@@H]12,29000.0,4.5376020021010435
CHEMBL521162,C=C1C(=O)O[C@@H]2/C=C(\C)C[C@H](O)/C=C(\C)C[C@@H](OC(=O)/C(=C\C)CO)[C@@H]12,28000.0,4.552841968657781
CHEMBL5075131,C=C1C(=O)O[C@@H]2/C=C(\C)C[C@H](O)/C=C(\C)C[C@@H](OC(=O)/C(=C\C)COC(C)=O)[C@@H]12,25000.0,4.6020599913279625
CHEMBL5079023,C=C1C(=O)O[C@@H]2/C=C(\C)CC/C=C(\CC(=O)O)C[C@@H](OC(=O)/C(C)=C/C)[C@@H]12,28000.0,4.552841968657781
CHEMBL5083965,C=C1C(=O)O[C@@H]2/C=C(\C)CC/C=C(\C)C[C@@H](OC(=O)/C(=C/C)CO)[C@@H]12,29000.0,4.5376020021010435
CHEMBL5088957,C=C1C(=O)O[C@@H]2/C=C(\C)CC/C=C(\C)C[C@@H](OC(=O)/C(=C/C)COC(C)=O)[C@@H]12,25000.0,4.6020599913279625
CHEMBL490011,C=C1C(=O)O[C@@H]2/C=C(\C)CC/C=C(\C)C[C@@H](OC(=O)/C(=C/CO)CO)[C@@H]12,28000.0,4.552841968657781
CHEMBL50,O=c1c(O)c(-c2ccc(O)c(O)c2)oc2cc(O)cc(O)c12,10800.0,4.966576244513051
CHEMBL5201393,CC(C)=CCc1cc(C[C@@]2(C(=O)O)OC(=O)C(OC(C)(C)[C@@H](O)Cc3cc(C[C@@]4(C(=O)O)OC(=O)C(O)=C4c4ccc(O)cc4)ccc3O)=C2c2ccc(O)cc2)ccc1O,10500.0,4.978810700930062
CHEMBL5172902,COc1cc2c(c(O)c1CO)C(=O)OC[C@@H]2O,1410000.0,2.85078088734462
CHEMBL5196850,COc1ccc(C(=O)Nc2cccc(C(=O)/C=C3/Nc4ccccc4NC3=O)c2)cc1,166090.0,3.779656514902953
CHEMBL5201575,O=C(/C=C/c1ccccc1)/C=C1/Nc2ccccc2NC1=O,40090.0,4.396963943749478
CHEMBL4571630,COc1ccc(C2SCC(=O)N2c2ccc3nc(Cc4ccc(O)cc4)c(=O)[nH]c3c2)cc1,276270.0,3.5586662723105182
CHEMBL5187552,CC(C)c1nc2ccc(N3C(=O)CSC3c3ccc([N+](=O)[O-])cc3)cc2[nH]c1=O,301150.0,3.5212171324934007
CHEMBL5203236,O=c1[nH]c2ccccc2nc1N/N=C/c1cccs1,9990.0,5.000434511774017
CHEMBL5194852,COc1cccc(/C=N/Nc2nc3ccccc3[nH]c2=O)c1,13930.0,4.856048883576037
CHEMBL5207115,O=c1[nH]c2ccccc2n2c(-c3ccc([N+](=O)[O-])cc3[N+](=O)[O-])ccc12,22990.0,4.638461028730721
CHEMBL5200953,O=c1[nH]c2ccccc2n2c(-c3ccc(O)cc3O)ccc12,12910.0,4.88907375773358
CHEMBL5179709,O=c1[nH]c2ccccc2n2c(-c3ccc(Cl)c(Cl)c3)ccc12,12980.0,4.88672530753565
CHEMBL5173825,Cc1ccc(NC(=O)Cn2c(=O)c(C)nc3ccccc32)c([N+](=O)[O-])c1,83780.0,4.0768596439747995
CHEMBL5209522,C=CCc1cc(-c2cc(CC=C)c3oc(SCc4nnc(-c5ccccc5Br)o4)nc3c2)c2oc(SCc3nnc(-c4ccccc4Br)o3)nc2c1,25800.0,4.58838029403677
CHEMBL5178321,C=CCc1cc(-c2cc(CC=C)c3oc(SCc4nnc(-c5ccccc5C)o4)nc3c2)c2oc(SCc3nnc(-c4ccccc4C)o3)nc2c1,25000.0,4.6020599913279625
CHEMBL5202537,C=CCc1cc(-c2cc(CC=C)c3oc(SCc4nnc(-c5cccc(C)c5)o4)nc3c2)c2oc(SCc3nnc(-c4cccc(C)c4)o3)nc2c1,18900.0,4.723538195826756
CHEMBL5186121,C=CCc1cc(-c2cc(CC=C)c3oc(SCc4nnc(-c5cccc(OC)c5)o4)nc3c2)c2oc(SCc3nnc(-c4cccc(OC)c4)o3)nc2c1,24500.0,4.610833915635467
CHEMBL5195148,C=CCc1cc(CSc2nnc(-c3cccc(OC)c3)o2)c(O)c(-c2ccc(O)c(CC=C)c2)c1,52900.0,4.276544327964814
CHEMBL404271,C[C@H]1O[C@H](O[C@H]2[C@H](O)[C@@H](O)[C@@H](O[C@H]3[C@H](O)[C@@H](O)C(O)O[C@@H]3CO)O[C@@H]2CO)[C@H](O)[C@@H](O)[C@@H]1N[C@H]1C=C(CO)[C@@H](O)[C@H](O)[C@H]1O,24400.0,4.61261017366127
CHEMBL80254,OC[C@H]1NC[C@@H](O)[C@@H]1O,56000.0,4.251811972993799
CHEMBL3751947,OC[C@@H]1NC[C@@H](O)[C@@H]1O,2700.0,5.568636235841013
CHEMBL5175772,Cc1cc(O)c2c(c1)-c1c(-c3ccc(O)cc3)c(=O)oc3c1c-2c(O)c1cccc(O)c13,890.0,6.050609993355087
CHEMBL5194087,Cc1cc(O)c2c(c1)-c1c(-c3c[nH]c4ccccc34)c(=O)oc3c1c-2c(O)c1cccc(O)c13,1580.0,5.801342913045577
CHEMBL5175917,CC/C=C\C/C=C\CCC(=O)O[C@@]12[C@H](OC(=O)[C@@H](C)CC)[C@@H](C)[C@@]3(O)[C@@H](C(=O)C(CO)=C[C@]4(O)C(=O)C(C)=C[C@@H]34)[C@@H]1C2(C)C,15300.0,4.815308569182401
CHEMBL5289805,CC(C)=CCc1c(O)ccc2c1O/C(=C\c1ccc(O)cc1)C2=O,73800.0,4.131943638176958
CHEMBL5274141,CC(C)(O)[C@H]1Cc2ccc3c(c2C1)O/C(=C\c1ccc(O)c(O)c1)C3=O,62100.0,4.20690839982342
CHEMBL5281437,COc1ccc(CNC(=O)c2c(NC(=O)c3cccnc3)sc3c2CCC3)cc1,87600.0,4.057495893831919
CHEMBL5267745,O=C(Nc1sc2c(c1C(=O)NCc1ccccc1)CCC2)c1cccnc1,82500.0,4.0835460514500745
CHEMBL5283691,COc1cc(CNC(=O)c2c(NC(=O)c3cccnc3)sc3c2CCC3)ccc1O,93600.0,4.028724151261895
CHEMBL5286422,COc1ccc(CNC(=O)c2c(NC(=O)c3cccnc3)sc3c2CCCC3)cc1,30200.0,4.519993057042849
CHEMBL5270418,O=C(Nc1sc2c(c1C(=O)NCc1ccccc1)CCCC2)c1cccnc1,45300.0,4.343901797987168
CHEMBL5285158,O=C(Nc1sc2c(c1C(=O)NCc1ccccn1)CCCC2)c1cccnc1,64100.0,4.193141970481182
CHEMBL5271561,O=C(Nc1sc2c(c1C(=O)NCc1cccnc1)CCCC2)c1cccnc1,507000.0,3.294992040666664
CHEMBL5273222,COc1cc(CNC(=O)c2c(NC(=O)c3cccnc3)sc3c2CCCC3)ccc1O,9900.0,5.00436480540245
CHEMBL5283357,COC(=O)c1ccc(CNC(=O)c2c(NC(=O)c3cccnc3)sc3c2CCCC3)cc1,87800.0,4.056505484093897
CHEMBL5268974,O=C(Nc1sc2c(c1C(=O)NCc1ccccc1)CCCCC2)c1cccnc1,63400.0,4.1979107421182675
CHEMBL5269761,COc1cc(CNC(=O)c2c(NC(=O)c3cccnc3)sc3c2CCCCC3)ccc1O,35400.0,4.450996737974212
CHEMBL404271,C[C@H]1O[C@H](O[C@H]2[C@H](O)[C@@H](O)[C@@H](O[C@H]3[C@H](O)[C@@H](O)C(O)O[C@@H]3CO)O[C@@H]2CO)[C@H](O)[C@@H](O)[C@@H]1N[C@H]1C=C(CO)[C@@H](O)[C@H](O)[C@H]1O,258500.0,3.587539452570039
CHEMBL1561,OCCN1C[C@H](O)[C@@H](O)[C@H](O)[C@H]1CO,154300.0,3.8116340739368515
CHEMBL404271,C[C@H]1O[C@H](O[C@H]2[C@H](O)[C@@H](O)[C@@H](O[C@H]3[C@H](O)[C@@H](O)C(O)O[C@@H]3CO)O[C@@H]2CO)[C@H](O)[C@@H](O)[C@@H]1N[C@H]1C=C(CO)[C@@H](O)[C@H](O)[C@H]1O,40730.0,4.390085589914002
CHEMBL5270854,C=CCc1cc(-c2ccc(O)c(CC=C)c2)c(O)c(C(c2ccc(OC)cc2)N2CCCCC2)c1,30450.0,4.516412703031106
CHEMBL5280017,C=CCc1cc(-c2ccc(O)c(CC=C)c2)c(O)c(C(c2cc(Cl)cc(Cl)c2)N2CCCCC2)c1,23510.0,4.628747370875061
CHEMBL5286499,C=CCc1cc(-c2ccc(O)c(CC=C)c2)c(O)c(C(c2cc(Cl)cc(Cl)c2)N2CCC(C)CC2)c1,14940.0,4.82564940252062
CHEMBL5273816,C=CCc1cc(-c2ccc(O)c(CC=C)c2)c(O)c(C(c2cc(Cl)cc(Cl)c2)N2CCOCC2)c1,13780.0,4.860750782428393
CHEMBL5269617,C=CCc1cc(-c2cc(CC=C)c(O)c(C(c3ccc(Cl)cc3)N3CCOCC3)c2)c(O)c(C(c2ccc(Cl)cc2)N2CCOCC2)c1,18580.0,4.730954290342377
CHEMBL480722,CC(C)=CCC/C(C)=C/Cc1c(O)cc(O)c(C(=O)/C=C/c2ccc(O)cc2)c1O,1080.0,5.966576244513051
CHEMBL404271,C[C@H]1O[C@H](O[C@H]2[C@H](O)[C@@H](O)[C@@H](O[C@H]3[C@H](O)[C@@H](O)C(O)O[C@@H]3CO)O[C@@H]2CO)[C@H](O)[C@@H](O)[C@@H]1N[C@H]1C=C(CO)[C@@H](O)[C@H](O)[C@H]1O,39600.0,4.402304814074488
CHEMBL4856778,O=c1c2cc(O)c(O)cc2oc2cc(O)c([C@H]3O[C@@H](CO)[C@H](O)[C@@H](O)[C@@H]3O)c(O)c12,13000.0,4.886056647693163
CHEMBL3093492,COc1cc(O)c2c(=O)c3c(OC)c(OC)ccc3oc2c1OC,65800.0,4.181774106386045
CHEMBL5282121,COc1ccc2oc3cc(O)cc(O)c3c(=O)c2c1O,71200.0,4.147520006363144
CHEMBL3093478,COc1cc(O)c2c(=O)c3cc(O)ccc3oc2c1,31800.0,4.497572880015567
CHEMBL361025,O=c1c2cc(O)ccc2oc2cc(O)cc(O)c12,31800.0,4.497572880015567
CHEMBL5287329,COc1ccc2oc3cc(O)cc(O)c3c(=O)c2c1OC,18000.0,4.7447274948966935
CHEMBL5280310,COc1cc(O)c2c(=O)c3c(O)ccc(O)c3oc2c1OC,82200.0,4.0851281824599495
CHEMBL5276460,COc1cc(O)c2c(=O)c3c(OC)ccc(OC)c3oc2c1OC,40100.0,4.396855627379818
CHEMBL5290214,COc1cc(O)c2c(=O)c3c(OC)ccc(OC)c3oc2c1,75800.0,4.120330794367947
CHEMBL187043,O=c1c2c(O)cc(O)cc2oc2ccc(O)c(O)c12,7090.0,5.149353764816934
CHEMBL5287286,COc1cc(O[C@H]2O[C@@H](CO)[C@H](O)[C@H](O)[C@@H]2O)c2c(=O)c3ccc(O)c(OC)c3oc2c1,84500.0,4.073143291050307
CHEMBL5289610,COc1cc(O)c2c(=O)c3c(O)c(C4O[C@@H](O)[C@H](O)[C@H](O[C@@H]5O[C@@H](C)[C@@H](O)[C@@H](O)[C@@H]5O)[C@@H]4O[C@@H]4O[C@@H](C)[C@H](O)[C@@H](O)[C@H]4O)ccc3oc2c1,500000.0,3.3010299956639813
CHEMBL5280602,O=c1c2c(O[C@H]3O[C@@H](CO)[C@H](O)[C@H](O)[C@@H]3O)cc(O)cc2oc2ccc(O)c(O)c12,133700.0,3.8738685927380154
CHEMBL5287620,COc1cc(O)c2c(=O)c3c(O)c(O[C@H]4O[C@@H](CO)[C@H](O)[C@H](O)[C@@H]4O)ccc3oc2c1OC,394900.0,3.4035128662634557
CHEMBL5266980,COc1cc(O)c2c(=O)c3c(O)c(O[C@H]4O[C@@H](CO)[C@H](O)[C@H](O)[C@@H]4O)ccc3oc2c1,115000.0,3.939302159646388
CHEMBL5279492,COc1cc(O[C@H]2O[C@@H](CO)[C@H](O)[C@H](O)[C@@H]2O)c2c(=O)c3c(OC)c(OC)ccc3oc2c1,83800.0,4.076755981369724
CHEMBL5270478,COc1cc(O)c2c(=O)c3c(OC)cc(O)cc3oc2c1OC,500000.0,3.3010299956639813
CHEMBL467590,COc1cc(O)c2c(=O)c3c(OC)c(O)ccc3oc2c1,500000.0,3.3010299956639813
CHEMBL1709767,COc1cc(O)c2c(=O)c3c(O)c(O)ccc3oc2c1OC,5420.0,5.266000713461613
CHEMBL3704820,COc1cc(O)c2c(=O)c3c(O)c(OC)ccc3oc2c1,107800.0,3.96738123914928
CHEMBL26323,COc1cc(O)c2c(=O)c3c(OC)c(OC)ccc3oc2c1,142100.0,3.84740592207253
CHEMBL187044,COc1cc(O)c2c(=O)c3c(O)c(O)ccc3oc2c1,30600.0,4.51427857351842
CHEMBL184574,O=c1c2c(O)cc(O)cc2oc2c(O)ccc(O)c12,5300.0,5.275724130399211
CHEMBL3093493,COc1cc(O)c2c(=O)c3c(OC)c(O)ccc3oc2c1OC,77400.0,4.111259039317107
CHEMBL2409395,COc1cc(O)c2c(=O)c3c(O)c(O[C@@H]4O[C@H](CO)[C@@H](O)[C@H](O)[C@H]4O[C@@H]4O[C@@H](C)[C@H](O)[C@@H](O)[C@H]4O)ccc3oc2c1,75800.0,4.120330794367947
CHEMBL512072,O=c1c2c(O)cc(O)cc2oc2c(O)ccc(O[C@@H]3O[C@H](CO)[C@@H](O)[C@H](O)[C@H]3O)c12,500000.0,3.3010299956639813
CHEMBL5271324,COc1cc(O)c2c(=O)c3c(O)c(O[C@@H]4OC[C@@H](O)[C@H](O)[C@H]4O[C@@H]4O[C@@H](C)[C@H](O)[C@@H](O)[C@H]4O)ccc3oc2c1,31100.0,4.507239610973162
CHEMBL5267559,O=c1c2c(O)c(O)ccc2oc2cc(O)c(O[C@@H]3O[C@H](CO)[C@@H](O)[C@H](O)[C@H]3O)c(O)c12,140400.0,3.8526328922062136
CHEMBL404271,C[C@H]1O[C@H](O[C@H]2[C@H](O)[C@@H](O)[C@@H](O[C@H]3[C@H](O)[C@@H](O)C(O)O[C@@H]3CO)O[C@@H]2CO)[C@H](O)[C@@H](O)[C@@H]1N[C@H]1C=C(CO)[C@@H](O)[C@H](O)[C@H]1O,39800.0,4.400116927926312
CHEMBL4856778,O=c1c2cc(O)c(O)cc2oc2cc(O)c([C@H]3O[C@@H](CO)[C@H](O)[C@@H](O)[C@@H]3O)c(O)c12,13300.0,4.876148359032914
CHEMBL5282121,COc1ccc2oc3cc(O)cc(O)c3c(=O)c2c1O,71600.0,4.145086977692144
CHEMBL5287329,COc1ccc2oc3cc(O)cc(O)c3c(=O)c2c1OC,18300.0,4.73754891026957
CHEMBL187043,O=c1c2c(O)cc(O)cc2oc2ccc(O)c(O)c12,7300.0,5.136677139879544
CHEMBL5287286,COc1cc(O[C@H]2O[C@@H](CO)[C@H](O)[C@H](O)[C@@H]2O)c2c(=O)c3ccc(O)c(OC)c3oc2c1,87600.0,4.057495893831919
CHEMBL5287620,COc1cc(O)c2c(=O)c3c(O)c(O[C@H]4O[C@@H](CO)[C@H](O)[C@H](O)[C@@H]4O)ccc3oc2c1OC,134500.0,3.871277715661573
CHEMBL5266980,COc1cc(O)c2c(=O)c3c(O)c(O[C@H]4O[C@@H](CO)[C@H](O)[C@H](O)[C@@H]4O)ccc3oc2c1,395000.0,3.40340290437354
CHEMBL5290427,COc1cc(O)c2c(=O)c3cc(O[C@H]4O[C@@H](CO)[C@H](O)[C@H](O)[C@@H]4O)ccc3oc2c1OC,114800.0,3.940058111938045
CHEMBL5270478,COc1cc(O)c2c(=O)c3c(OC)cc(O)cc3oc2c1OC,20200.0,4.694648630553377
CHEMBL3704820,COc1cc(O)c2c(=O)c3c(O)c(OC)ccc3oc2c1,108200.0,3.9657727392294495
CHEMBL26323,COc1cc(O)c2c(=O)c3c(OC)c(OC)ccc3oc2c1,142200.0,3.8471004036062526
CHEMBL184574,O=c1c2c(O)cc(O)cc2oc2c(O)ccc(O)c12,5200.0,5.2839966563652006
CHEMBL5271324,COc1cc(O)c2c(=O)c3c(O)c(O[C@@H]4OC[C@@H](O)[C@H](O)[C@H]4O[C@@H]4O[C@@H](C)[C@H](O)[C@@H](O)[C@H]4O)ccc3oc2c1,31600.0,4.5003129173815966
CHEMBL219553,COc1cc(O)cc(CCc2ccc(O)c(OC)c2)c1,103100.0,3.9867413347164833
CHEMBL450788,COc1cc(O)cc(CCc2cccc(O)c2)c1,148800.0,3.82739706879014
CHEMBL5282250,COc1ccc(CCc2cc(O)c(O)c(OC)c2)cc1,199500.0,3.700057099977233
CHEMBL5281130,COc1cc([C@@H]2Oc3cc(CCc4ccc(O)cc4)cc(OC)c3O[C@H]2CO)cc(OC)c1O,9460000.0,2.024108863598207
CHEMBL5266364,COc1cc(CCc2cccc(O)c2)cc(O)c1O,213900.0,3.669789215428472
CHEMBL404271,C[C@H]1O[C@H](O[C@H]2[C@H](O)[C@@H](O)[C@@H](O[C@H]3[C@H](O)[C@@H](O)C(O)O[C@@H]3CO)O[C@@H]2CO)[C@H](O)[C@@H](O)[C@@H]1N[C@H]1C=C(CO)[C@@H](O)[C@H](O)[C@H]1O,763500.0,3.11719095860756
CHEMBL404271,C[C@H]1O[C@H](O[C@H]2[C@H](O)[C@@H](O)[C@@H](O[C@H]3[C@H](O)[C@@H](O)C(O)O[C@@H]3CO)O[C@@H]2CO)[C@H](O)[C@@H](O)[C@@H]1N[C@H]1C=C(CO)[C@@H](O)[C@H](O)[C@H]1O,750000.0,3.1249387366083
CHEMBL5271893,COc1cc(C2Nc3ccccc3C(=O)N2Nc2ccccc2)ccc1OCc1cn(CC(=O)NCc2ccc(C)cc2)nn1,5400.0,5.267606240177032
CHEMBL5277262,COc1cc(C2Nc3ccccc3C(=O)N2Nc2ccccc2)ccc1OCc1cn(CC(=O)NCc2ccccc2)nn1,11600.0,4.935542010773082
CHEMBL5281806,COc1cc(C2Nc3ccccc3C(=O)N2Nc2ccccc2)ccc1OCc1cn(CC(=O)Nc2ccc([N+](=O)[O-])cc2)nn1,6000.0,5.221848749616356
CHEMBL5266791,COc1cc(C2Nc3ccccc3C(=O)N2Nc2ccccc2)ccc1OCc1cn(CC(=O)Nc2ccc(Br)cc2)nn1,140200.0,3.85325198636936
CHEMBL5282594,COc1cc(C2Nc3ccccc3C(=O)N2Nc2ccccc2)ccc1OCc1cn(CC(=O)Nc2ccc(Cl)cc2)nn1,6700.0,5.173925197299174
CHEMBL5268812,COc1ccc(NC(=O)Cn2cc(COc3ccc(C4Nc5ccccc5C(=O)N4Nc4ccccc4)cc3OC)nn2)cc1,5000.0,5.301029995663981
CHEMBL5277625,CCc1ccc(NC(=O)Cn2cc(COc3ccc(C4Nc5ccccc5C(=O)N4Nc4ccccc4)cc3OC)nn2)cc1,7200.0,5.142667503568732
CHEMBL5287920,COc1cc(C2Nc3ccccc3C(=O)N2Nc2ccccc2)ccc1OCc1cn(CC(=O)Nc2ccc(C)cc2C)nn1,10600.0,4.97469413473523
CHEMBL5287798,COc1cc(C2Nc3ccccc3C(=O)N2Nc2ccccc2)ccc1OCc1cn(CC(=O)Nc2ccc(C)cc2)nn1,13000.0,4.886056647693163
CHEMBL5275387,COc1cc(C2Nc3ccccc3C(=O)N2Nc2ccccc2)ccc1OCc1cn(CC(=O)Nc2ccccc2)nn1,11700.0,4.931814138253839
CHEMBL5268702,Cc1ccc(CNC(=O)Cn2cc(COc3ccc(C4Nc5ccccc5C(=O)N4Nc4ccccc4)cc3)nn2)cc1,8300.0,5.080921907623926
CHEMBL5286942,O=C(Cn1cc(COc2ccc(C3Nc4ccccc4C(=O)N3Nc3ccccc3)cc2)nn1)NCc1ccccc1,12000.0,4.920818753952375
CHEMBL5279383,O=C(Cn1cc(COc2ccc(C3Nc4ccccc4C(=O)N3Nc3ccccc3)cc2)nn1)Nc1ccc([N+](=O)[O-])cc1,12000.0,4.920818753952375
CHEMBL5283167,O=C(Cn1cc(COc2ccc(C3Nc4ccccc4C(=O)N3Nc3ccccc3)cc2)nn1)Nc1ccc(Br)cc1,8000.0,5.096910013008056
CHEMBL5280846,O=C(Cn1cc(COc2ccc(C3Nc4ccccc4C(=O)N3Nc3ccccc3)cc2)nn1)Nc1ccc(Cl)cc1,15300.0,4.815308569182401
CHEMBL5277603,COc1ccc(NC(=O)Cn2cc(COc3ccc(C4Nc5ccccc5C(=O)N4Nc4ccccc4)cc3)nn2)cc1,42600.0,4.370590400897281
CHEMBL5287039,CCc1ccc(NC(=O)Cn2cc(COc3ccc(C4Nc5ccccc5C(=O)N4Nc4ccccc4)cc3)nn2)cc1,14700.0,4.8326826652518236
CHEMBL5279273,Cc1ccc(NC(=O)Cn2cc(COc3ccc(C4Nc5ccccc5C(=O)N4Nc4ccccc4)cc3)nn2)c(C)c1,4800.0,5.318758762624412
CHEMBL5271794,Cc1ccc(NC(=O)Cn2cc(COc3ccc(C4Nc5ccccc5C(=O)N4Nc4ccccc4)cc3)nn2)cc1,95600.0,4.0195421077238995
CHEMBL5278958,O=C(Cn1cc(COc2ccc(C3Nc4ccccc4C(=O)N3Nc3ccccc3)cc2)nn1)Nc1ccccc1,16600.0,4.779891911959945
CHEMBL5270724,COc1ccc(-c2ncc(NC(=O)Cn3cc(COc4ccc(-c5nc6ccccc6[nH]5)cc4)nn3)s2)cc1,6310.0,5.199970640755866
CHEMBL5277400,CCc1ccc(NC(=O)Cn2cc(COc3ccc(-c4nc5ccccc5[nH]4)cc3)nn2)cc1,25200.0,4.598599459218456
CHEMBL404271,C[C@H]1O[C@H](O[C@H]2[C@H](O)[C@@H](O)[C@@H](O[C@H]3[C@H](O)[C@@H](O)C(O)O[C@@H]3CO)O[C@@H]2CO)[C@H](O)[C@@H](O)[C@@H]1N[C@H]1C=C(CO)[C@@H](O)[C@H](O)[C@H]1O,26100.0,4.583359492661719
CHEMBL4128298,O=C(Cn1c(Cc2ccc(Br)cc2)nc2ccccc2c1=O)NNC(=O)c1cc2ccccc2oc1=O,7300.0,5.136677139879544
CHEMBL30707,O=c1oc2cc(O)ccc2c2oc3cc(O)ccc3c12,6000.0,5.221848749616356
CHEMBL5279690,COc1ccc2c(c1)OC[C@H]1c3ccc(OC)c(O)c3O[C@@H]21,128100.0,3.8924508702553138
CHEMBL5269655,COc1ccc2c(c1OC)O[C@H]1c3ccc(O)cc3OC[C@@H]21,174200.0,3.758951849328356
CHEMBL5290636,CC1(C)C=Cc2c(ccc3c2OC2c4ccc(O)cc4OCC32)O1,6000.0,5.221848749616356
CHEMBL3264731,O=c1oc2ccc(Cl)cc2c(O)c1C(c1cccc([N+](=O)[O-])c1)c1c(O)c2cc(Cl)ccc2oc1=O,27070.0,4.567511744229494
CHEMBL3264730,O=c1oc2ccc(Cl)cc2c(O)c1C(c1ccc(Cl)cc1Cl)c1c(O)c2cc(Cl)ccc2oc1=O,16540.0,4.781464494783472
CHEMBL404271,C[C@H]1O[C@H](O[C@H]2[C@H](O)[C@@H](O)[C@@H](O[C@H]3[C@H](O)[C@@H](O)C(O)O[C@@H]3CO)O[C@@H]2CO)[C@H](O)[C@@H](O)[C@@H]1N[C@H]1C=C(CO)[C@@H](O)[C@H](O)[C@H]1O,906000.0,3.042871802323187
CHEMBL3264720,COc1cc(C(c2c(O)c3cc(C)ccc3oc2=O)c2c(O)c3cc(C)ccc3oc2=O)cc(OC)c1OC,385990.0,3.4134239466263687
CHEMBL3264733,CCOc1cc(C(c2c(O)c3cc(C)ccc3oc2=O)c2c(O)c3cc(C)ccc3oc2=O)ccc1O,221060.0,3.655489834313468
CHEMBL3264735,COc1ccc(C(c2c(O)c3cc(C)ccc3oc2=O)c2c(O)c3cc(C)ccc3oc2=O)cc1,106630.0,3.9721205907927923
CHEMBL3264726,COc1ccc(C(c2c(O)c3cc(Cl)ccc3oc2=O)c2c(O)c3cc(Cl)ccc3oc2=O)cc1O,113050.0,3.9467294333186214
CHEMBL3264725,O=c1oc2ccc(Cl)cc2c(O)c1C(c1cccc(O)c1)c1c(O)c2cc(Cl)ccc2oc1=O,84060.0,4.075410614330582
CHEMBL3264724,COc1cc(C(c2c(O)c3cc(Cl)ccc3oc2=O)c2c(O)c3cc(Cl)ccc3oc2=O)ccc1O,83640.0,4.077585975854365
CHEMBL3264727,CCOc1cc(C(c2c(O)c3cc(Cl)ccc3oc2=O)c2c(O)c3cc(Cl)ccc3oc2=O)ccc1O,57140.0,4.243059763953275
CHEMBL3264728,COc1cc(C(c2c(O)c3cc(Cl)ccc3oc2=O)c2c(O)c3cc(Cl)ccc3oc2=O)cc(OC)c1OC,128140.0,3.892315280344158
CHEMBL3264729,COc1ccc(C(c2c(O)c3cc(Cl)ccc3oc2=O)c2c(O)c3cc(Cl)ccc3oc2=O)cc1OC,91360.0,4.039243909098227
CHEMBL5559448,NS(=O)(=O)c1ccc(/N=C2\NC(=O)/C(=C\c3ccccc3)S2)cc1,691.0,6.1605219526258015
CHEMBL5512544,COc1ccc(/C=C2/S/C(=N/c3ccc(S(N)(=O)=O)cc3)NC2=O)cc1,475.0,6.323306390375134
CHEMBL5532288,NS(=O)(=O)c1ccc(/N=C2\NC(=O)/C(=C\c3ccc(Cl)cc3)S2)cc1,1646.0,5.783570169123749
CHEMBL5555209,NS(=O)(=O)c1ccc(/N=C2\NC(=O)/C(=C\c3ccc(F)cc3)S2)cc1,440.0,6.356547323513812
CHEMBL5556832,CN1C(=O)/C(=C\c2ccccc2)S/C1=N/c1ccc(S(N)(=O)=O)cc1,346.0,6.460923901207224
CHEMBL5517809,COc1ccc(/C=C2/S/C(=N/c3ccc(S(N)(=O)=O)cc3)N(C)C2=O)cc1,3346.0,5.475474063373624
CHEMBL5555959,CN1C(=O)/C(=C\c2ccc(Cl)cc2)S/C1=N/c1ccc(S(N)(=O)=O)cc1,1387.0,5.857923538926715
CHEMBL5558583,CN1C(=O)/C(=C\c2ccc(F)cc2)S/C1=N/c1ccc(S(N)(=O)=O)cc1,860.0,6.0655015487564325
CHEMBL5549876,CCN1C(=O)/C(=C\c2ccccc2)S/C1=N/c1ccc(S(N)(=O)=O)cc1,2025.0,5.693574972449313
CHEMBL5527910,CCN1C(=O)/C(=C\c2ccc(OC)cc2)S/C1=N/c1ccc(S(N)(=O)=O)cc1,1085.0,5.964570261815451
CHEMBL5505787,CCN1C(=O)/C(=C\c2ccc(Cl)cc2)S/C1=N/c1ccc(S(N)(=O)=O)cc1,447.0,6.349692476868063
CHEMBL5556926,CCN1C(=O)/C(=C\c2ccc(F)cc2)S/C1=N/c1ccc(S(N)(=O)=O)cc1,1276.0,5.8941493256148565
CHEMBL5523415,NS(=O)(=O)c1ccc(/N=C2\NC(=O)/C(=C3\C(=O)Nc4ccccc43)S2)cc1,1833.0,5.736837535037783
CHEMBL5555863,CN1C(=O)/C(=C2\C(=O)Nc3ccccc32)S/C1=N/c1ccc(S(N)(=O)=O)cc1,599.0,6.2225731776106885
CHEMBL5555903,CCN1C(=O)/C(=C2\C(=O)Nc3ccccc32)S/C1=N/c1ccc(S(N)(=O)=O)cc1,978.0,6.009661145212399
CHEMBL404271,C[C@H]1O[C@H](O[C@H]2[C@H](O)[C@@H](O)[C@@H](O[C@H]3[C@H](O)[C@@H](O)C(O)O[C@@H]3CO)O[C@@H]2CO)[C@H](O)[C@@H](O)[C@@H]1N[C@H]1C=C(CO)[C@@H](O)[C@H](O)[C@H]1O,421.0,6.375717904164332
CHEMBL5558505,Cc1ccc(S(=O)(=O)Oc2ccc(/C=N/N=C3/NC(=O)CS3)cc2)cc1,420.0,6.376750709602099
CHEMBL5557090,O=C1N/C(=N\c2nccs2)S/C1=C\c1cc(C(F)(F)F)c2scnc2c1O,3200.0,5.494850021680094
CHEMBL5556230,Cc1ccc(N2C(=O)CS/C2=N\N=C(\CSc2nc3ccccc3[nH]2)c2ccc(Cl)cc2)cc1,9800.0,5.008773924307505
CHEMBL5517665,O=C1CSC(c2ccc([N+](=O)[O-])cc2)N1Cc1ccc2c(c1)OCO2,5900.0,5.229147988357856
CHEMBL2315734,O=C1N/C(=N\c2nccs2)S/C1=C\c1ccc(F)cc1,2400.0,5.619788758288394
CHEMBL5395316,COc1ccc(-c2[nH]c3c(c2CC#N)c(=O)oc2ccccc23)cc1,48650.0,4.312917155395629
CHEMBL5560020,O=C1Nc2ccccc2/C1=N/N=C/c1ccc(OCc2cn(Cc3ccccc3F)nn2)cc1,16430.0,4.784362436564939
CHEMBL5555649,O=C(N/N=C/c1ccccc1)c1ccc(OCc2cn(Cc3ccccc3)nn2)cc1,20.0,7.698970004336019
CHEMBL5430942,COc1cc(-c2nc3ccccc3[nH]2)ccc1OCc1cn(CC(=O)Nc2cnc(-c3ccccc3)s2)nn1,6310.0,5.199970640755866
CHEMBL389656,Oc1ccccc1-c1nc(-c2ccccc2)c(-c2ccccc2)[nH]1,74320.0,4.128894299014415
CHEMBL14474,c1ccc2ncccc2c1,622400.0,3.2059304160183673
CHEMBL1160559,O=C(O)c1ccc2ccccc2n1,53600.0,4.27083521030723
CHEMBL275098,O=C(O)c1cnc2ccccc2c1,63000.0,4.200659450546418
CHEMBL5566368,CCOC(=O)c1c(SCC(=O)Nc2ccccc2)nnc(-c2ccccc2)c1-c1ccccc1,70100.0,4.154281982033341
CHEMBL5590239,O=C(NNC(=S)Nc1ccccc1)c1cc2c([nH]c3ccccc32)c(-c2ccccc2)n1,11020.0,4.957818405484233
CHEMBL5592521,O=C(NNC(=S)Nc1ccccc1F)c1cc2c([nH]c3ccccc32)c(-c2ccccc2)n1,9800.0,5.008773924307505
CHEMBL5594219,O=C(NNC(=S)Nc1cccc(F)c1)c1cc2c([nH]c3ccccc32)c(-c2ccccc2)n1,5260.0,5.279014255846261
CHEMBL5594736,O=C(NNC(=S)Nc1ccc(F)cc1)c1cc2c([nH]c3ccccc32)c(-c2ccccc2)n1,9240.0,5.0343280287798935
CHEMBL5591690,O=C(NNC(=S)Nc1ccccc1Cl)c1cc2c([nH]c3ccccc32)c(-c2ccccc2)n1,8470.0,5.072116589669293
CHEMBL5592850,O=C(NNC(=S)Nc1cccc(Cl)c1)c1cc2c([nH]c3ccccc32)c(-c2ccccc2)n1,6690.0,5.174573882232177
CHEMBL5595989,O=C(NNC(=S)Nc1ccc(Cl)cc1)c1cc2c([nH]c3ccccc32)c(-c2ccccc2)n1,6260.0,5.20342566678957
CHEMBL5584200,O=C(NNC(=S)Nc1ccccc1Br)c1cc2c([nH]c3ccccc32)c(-c2ccccc2)n1,9410.0,5.026410376572743
CHEMBL5591376,O=C(NNC(=S)Nc1cccc(Br)c1)c1cc2c([nH]c3ccccc32)c(-c2ccccc2)n1,4170.0,5.379863945026242
CHEMBL5594910,O=C(NNC(=S)Nc1ccc(Br)cc1)c1cc2c([nH]c3ccccc32)c(-c2ccccc2)n1,3210.0,5.493494967595128
CHEMBL5595852,Cc1ccccc1NC(=S)NNC(=O)c1cc2c([nH]c3ccccc32)c(-c2ccccc2)n1,12400.0,4.906578314837765
CHEMBL5595782,Cc1cccc(NC(=S)NNC(=O)c2cc3c([nH]c4ccccc43)c(-c3ccccc3)n2)c1,6040.0,5.218963061378868
CHEMBL5590445,Cc1ccc(NC(=S)NNC(=O)c2cc3c([nH]c4ccccc43)c(-c3ccccc3)n2)cc1,6550.0,5.183758700008217
CHEMBL5592894,O=C(NNC(=S)Nc1ccccc1C(F)(F)F)c1cc2c([nH]c3ccccc32)c(-c2ccccc2)n1,5240.0,5.280668713016273
CHEMBL5594439,O=C(NNC(=S)Nc1cccc(C(F)(F)F)c1)c1cc2c([nH]c3ccccc32)c(-c2ccccc2)n1,3990.0,5.399027104313252
CHEMBL5594432,O=C(NNC(=S)Nc1ccc(C(F)(F)F)cc1)c1cc2c([nH]c3ccccc32)c(-c2ccccc2)n1,3840.0,5.4156687756324695
CHEMBL5595481,O=C(NNC(=S)Nc1ccccc1OC(F)(F)F)c1cc2c([nH]c3ccccc32)c(-c2ccccc2)n1,10990.0,4.959002307576509
CHEMBL5592136,O=C(NNC(=S)Nc1ccc(OC(F)(F)F)cc1)c1cc2c([nH]c3ccccc32)c(-c2ccccc2)n1,3860.0,5.413412695328245
CHEMBL5593118,COc1ccccc1NC(=S)NNC(=O)c1cc2c([nH]c3ccccc32)c(-c2ccccc2)n1,11980.0,4.921543181946707
CHEMBL5589774,COc1cccc(NC(=S)NNC(=O)c2cc3c([nH]c4ccccc43)c(-c3ccccc3)n2)c1,8980.0,5.0467236633326955
CHEMBL5589860,COc1ccc(NC(=S)NNC(=O)c2cc3c([nH]c4ccccc43)c(-c3ccccc3)n2)cc1,11230.0,4.949620243738543
CHEMBL5593720,CCOc1ccccc1NC(=S)NNC(=O)c1cc2c([nH]c3ccccc32)c(-c2ccccc2)n1,4620.0,5.335358024443875
CHEMBL5594123,CCOc1ccc(NC(=S)NNC(=O)c2cc3c([nH]c4ccccc43)c(-c3ccccc3)n2)cc1,4440.0,5.35261702988538
CHEMBL5591395,O=C(NNC(=S)Nc1ccc(Oc2ccccc2)cc1)c1cc2c([nH]c3ccccc32)c(-c2ccccc2)n1,3090.0,5.510041520575165
CHEMBL5594964,O=C(NNC(=S)Nc1cccc(OCc2ccccc2)c1)c1cc2c([nH]c3ccccc32)c(-c2ccccc2)n1,2950.0,5.530177984021837
CHEMBL5589972,O=C(NNC(=S)Nc1cccc([N+](=O)[O-])c1)c1cc2c([nH]c3ccccc32)c(-c2ccccc2)n1,2810.0,5.55129368009492
CHEMBL5595235,O=C(NNC(=S)Nc1ccc([N+](=O)[O-])cc1)c1cc2c([nH]c3ccccc32)c(-c2ccccc2)n1,10990.0,4.959002307576509
CHEMBL5590835,O=C(NNC(=S)Nc1ccc(F)c(F)c1)c1cc2c([nH]c3ccccc32)c(-c2ccccc2)n1,3660.0,5.436518914605589
CHEMBL5583905,Cc1ccc(NC(=S)NNC(=O)c2cc3c([nH]c4ccccc43)c(-c3ccccc3)n2)c(C)c1,8510.0,5.070070439915412
CHEMBL5595072,Cc1ccc(C)c(NC(=S)NNC(=O)c2cc3c([nH]c4ccccc43)c(-c3ccccc3)n2)c1,4590.0,5.338187314462739
CHEMBL5595016,Cc1cccc(C)c1NC(=S)NNC(=O)c1cc2c([nH]c3ccccc32)c(-c2ccccc2)n1,10460.0,4.980468315468745
CHEMBL5589699,COc1ccc(NC(=S)NNC(=O)c2cc3c([nH]c4ccccc43)c(-c3ccccc3)n2)c(OC)c1,6880.0,5.162411561764489
CHEMBL5590184,COc1ccc(OC)c(NC(=S)NNC(=O)c2cc3c([nH]c4ccccc43)c(-c3ccccc3)n2)c1,5170.0,5.286509456906058
CHEMBL5592227,COc1ccc(NC(=S)NNC(=O)c2cc3c([nH]c4ccccc43)c(-c3ccccc3)n2)cc1OC,8300.0,5.080921907623926
CHEMBL5592116,COc1cc(NC(=S)NNC(=O)c2cc3c([nH]c4ccccc43)c(-c3ccccc3)n2)cc(OC)c1,5900.0,5.229147988357856
CHEMBL5592418,COc1cc(NC(=S)NNC(=O)c2cc3c([nH]c4ccccc43)c(-c3ccccc3)n2)cc(OC)c1OC,12250.0,4.911863911299449
CHEMBL404271,C[C@H]1O[C@H](O[C@H]2[C@H](O)[C@@H](O)[C@@H](O[C@H]3[C@H](O)[C@@H](O)C(O)O[C@@H]3CO)O[C@@H]2CO)[C@H](O)[C@@H](O)[C@@H]1N[C@H]1C=C(CO)[C@@H](O)[C@H](O)[C@H]1O,564280.0,3.2485053423288686
CHEMBL404271,C[C@H]1O[C@H](O[C@H]2[C@H](O)[C@@H](O)[C@@H](O[C@H]3[C@H](O)[C@@H](O)C(O)O[C@@H]3CO)O[C@@H]2CO)[C@H](O)[C@@H](O)[C@@H]1N[C@H]1C=C(CO)[C@@H](O)[C@H](O)[C@H]1O,42450.0,4.372122305420029
CHEMBL5420199,O=S(=O)(NCCc1c[nH]c2ccccc12)c1cc(F)ccc1Cl,1600.0,5.795880017344075
