Drug_Name,Affinity_kcal_mol
Conivaptan,-12.6
Nafarelin,-12.3
Dutasteride,-12.0
Dihydroergotamine,-11.8
Vindesine,-11.7
Mifepristone,-11.5
Drospirenone,-11.4
Nilotinib,-11.4
Azilsartan medoxomil,-11.2
Digoxin,-11.2
Goserelin,-11.2
Irinotecan,-10.9
Suramin,-10.9
Tasosartan,-10.9
Clofazimine,-10.8
Eribulin,-10.8
Teniposide,-10.7
Bromocriptine,-10.7
Plerixafor,-10.7
Adapalene,-10.7
Plicamycin,-10.6
Apixaban,-10.6
Deslanoside,-10.6
Ergotamine,-10.6
Tadalafil,-10.6
Metocurine,-10.6
Irbesartan,-10.5
Voacamine,-10.5
Lurasidone,-10.5
Estropipate,-10.5
Dabrafenib,-10.5
Cyproterone,-10.5
Idarubicin,-10.5
Fosaprepitant,-10.4
Sertindole,-10.4
Digitoxin,-10.4
Trametinib,-10.4
Doxazosin,-10.4
Saquinavir,-10.4
Tipranavir,-10.4
Imatinib,-10.4
Aprepitant,-10.3
Tubocurarine,-10.3
Etoposide,-10.3
Ciclesonide,-10.3
Natamycin,-10.3
Tolvaptan,-10.3
Finasteride,-10.3
Loratadine,-10.3
Maraviroc,-10.2
Regorafenib,-10.2
Ziprasidone,-10.2
Canagliflozin,-10.2
Ethynodiol Diacetate,-10.2
Lapatinib,-10.2
Vemurafenib,-10.2
Indacaterol,-10.1
Daunorubicin,-10.1
Telmisartan,-10.1
Vecuronium,-10.1
Mezlocillin,-10.1
Antrafenine,-10.1
Risperidone,-10.1
Danazol,-10.1
Abiraterone,-10.1
Tauroursodeoxycholic acid,-10.1
Fluspirilene,-10.1
Clozapine,-10.0
Acetyldigitoxin,-10.0
Valrubicin,-10.0
Vapreotide,-10.0
Demeclocycline,-10.0
Topotecan,-10.0
Cefoperazone,-10.0
Mestranol,-10.0
Gonadorelin,-10.0
Desmopressin,-10.0
Candesartan,-10.0
Saprisartan,-10.0
Pazopanib,-10.0
Desloratadine,-10.0
Pranlukast,-10.0
Azelastine,-10.0
Pipecuronium,-10.0
Ponatinib,-10.0
Epirubicin,-9.9
Doxorubicin,-9.9
Estrone,-9.9
Paclitaxel,-9.9
Amcinonide,-9.9
Cortisone acetate,-9.9
Megestrol,-9.9
Lopinavir,-9.9
Paliperidone,-9.9
Novobiocin,-9.9
Cetrorelix,-9.9
Linagliptin,-9.9
Flurandrenolide,-9.9
Glimepiride,-9.9
Fluoxymesterone,-9.9
Piperacillin,-9.9
Azatadine,-9.9
Bifonazole,-9.9
Nandrolone phenpropionate,-9.9
Telaprevir,-9.9
Tetracycline,-9.9
Nebivolol,-9.8
Formestane,-9.8
Prazosin,-9.8
Quinestrol,-9.8
Itraconazole,-9.8
Flumethasone Pivalate,-9.8
Rescinnamine,-9.8
Gliquidone,-9.8
Azlocillin,-9.8
Pralatrexate,-9.8
Exemestane,-9.8
Docetaxel,-9.8
Pemetrexed,-9.8
Eplerenone,-9.8
Latamoxef,-9.8
Pimozide,-9.8
Estriol,-9.8
Diflorasone,-9.8
Eltrombopag,-9.8
Thiothixene,-9.8
Testolactone,-9.8
Sorafenib,-9.7
Atovaquone,-9.7
Oxytetracycline,-9.7
Progesterone,-9.7
Minocycline,-9.7
Darifenacin,-9.7
Fluorometholone,-9.7
Praziquantel,-9.7
Folic Acid,-9.7
Olmesartan,-9.7
Paramethasone,-9.7
Ertapenem,-9.6
Difluprednate,-9.6
Mirtazapine,-9.6
Nelfinavir,-9.6
NADH,-9.6
Leucovorin,-9.6
Cefpiramide,-9.6
Deserpidine,-9.6
Deferasirox,-9.6
Argatroban,-9.6
Levonorgestrel,-9.6
Dydrogesterone,-9.6
Trovafloxacin,-9.6
Stanozolol,-9.6
Enzalutamide,-9.6
Domperidone,-9.6
Ritonavir,-9.6
Posaconazole,-9.6
Fluocinonide,-9.6
Amsacrine,-9.6
Methacycline,-9.6
Terlipressin,-9.6
Fluticasone furoate,-9.6
Xanthophyll,-9.6
Raloxifene,-9.5
Telithromycin,-9.5
Flunisolide,-9.5
Bexarotene,-9.5
Doxycycline,-9.5
Rolitetracycline,-9.5
Medrysone,-9.5
Ursodeoxycholic acid,-9.5
Cefonicid,-9.5
Sirolimus,-9.5
Pancuronium,-9.5
Retapamulin,-9.5
Methylergonovine,-9.5
Vardenafil,-9.5
Montelukast,-9.5
Alvimopan,-9.5
Methotrexate,-9.5
Amoxapine,-9.5
Tigecycline,-9.5
Clomocycline,-9.5
Ivacaftor,-9.5
Testosterone Propionate,-9.5
Zafirlukast,-9.5
Astemizole,-9.4
Fluocinolone Acetonide,-9.4
Halobetasol Propionate,-9.4
Indinavir,-9.4
Alfacalcidol,-9.4
Ecabet,-9.4
Dihydrotachysterol,-9.4
Lisuride,-9.4
Avanafil,-9.4
Spinosad,-9.4
Pirenzepine,-9.4
Gentian Violet,-9.4
Flucloxacillin,-9.4
Ergocalciferol,-9.4
Glipizide,-9.4
Donepezil,-9.4
Apomorphine,-9.4
Fusidic Acid,-9.4
Vandetanib,-9.4
Dicloxacillin,-9.3
Medroxyprogesterone,-9.3
Palonosetron,-9.3
Atazanavir,-9.3
Chenodeoxycholic acid,-9.3
Mefloquine,-9.3
Ceruletide,-9.3
Darunavir,-9.3
Delavirdine,-9.3
Nicergoline,-9.3
Triazolam,-9.3
Flunarizine,-9.3
Rimonabant,-9.3
Ergonovine,-9.3
Sulfinpyrazone,-9.3
Nystatin,-9.3
Sulindac,-9.3
Ceftaroline fosamil,-9.3
Drostanolone,-9.3
Bentiromide,-9.3
Naltrexone,-9.3
Clobetasol,-9.3
Tetrahydrofolic acid,-9.3
Nafcillin,-9.2
Afatinib,-9.2
Mometasone,-9.2
Fludrocortisone,-9.2
Bleomycin,-9.2
Glyburide,-9.2
Regadenoson,-9.2
Tamibarotene,-9.2
Celecoxib,-9.2
Dalfopristin,-9.2
Trospium,-9.2
Paricalcitol,-9.2
Troleandomycin,-9.2
Spironolactone,-9.2
Tacrolimus,-9.2
Ketoconazole,-9.2
Reserpine,-9.2
Difenoxin,-9.2
Estradiol,-9.2
Buprenorphine,-9.2
Flavoxate,-9.2
Calcipotriol,-9.2
Rosuvastatin,-9.2
Cholecalciferol,-9.2
Chlorprothixene,-9.2
Vilazodone,-9.2
Cromoglicic acid,-9.2
Oxacillin,-9.2
Methysergide,-9.2
Moricizine,-9.2
Zolpidem,-9.2
Zuclopenthixol,-9.2
Colchicine,-9.1
Clorazepate,-9.1
Cloxacillin,-9.1
Pitavastatin,-9.1
Piroxicam,-9.1
Pipotiazine,-9.1
Fosphenytoin,-9.1
Dolasetron,-9.1
Sulfasalazine,-9.1
Remikiren,-9.1
Quetiapine,-9.1
Betamethasone,-9.1
Diphenoxylate,-9.1
Desonide,-9.1
Hydrocortisone,-9.1
Dasatinib,-9.1
Fulvestrant,-9.1
Ethinyl Estradiol,-9.1
Rivaroxaban,-9.1
Erythromycin,-9.1
Buclizine,-9.1
Carbamazepine,-9.1
Fexofenadine,-9.1
Losartan,-9.1
Cefamandole,-9.1
Droperidol,-9.1
Ouabain,-9.1
Fluorescein,-9.1
Fluticasone Propionate,-9.1
Raltitrexed,-9.1
Amlexanox,-9.1
Gefitinib,-9.1
Cabergoline,-9.1
Clocortolone,-9.1
Zopiclone,-9.1
Almitrine,-9.1
Meloxicam,-9.0
Quinapril,-9.0
Sitagliptin,-9.0
Oxandrolone,-9.0
Vismodegib,-9.0
Meclizine,-9.0
Rilpivirine,-9.0
Besifloxacin,-9.0
Torasemide,-9.0
Sitaxentan,-9.0
Lovastatin,-9.0
Anileridine,-9.0
Lansoprazole,-9.0
Fosinopril,-9.0
Nitrazepam,-9.0
Hydrocortamate,-9.0
Chlorhexidine,-9.0
Sildenafil,-9.0
Nalbuphine,-9.0
Cilostazol,-9.0
Trifluoperazine,-9.0
Chlorotrianisene,-9.0
Ticagrelor,-9.0
Terfenadine,-9.0
Temazepam,-9.0
Ixabepilone,-9.0
Prednisone,-9.0
Bendroflumethiazide,-9.0
Carfilzomib,-8.9
Atorvastatin,-8.9
Ketotifen,-8.9
Moxifloxacin,-8.9
Hetacillin,-8.9
Ofloxacin,-8.9
Granisetron,-8.9
Phenindione,-8.9
Lercanidipine,-8.9
Olanzapine,-8.9
Bosentan,-8.9
Grepafloxacin,-8.9
Methylprednisolone,-8.9
Oxcarbazepine,-8.9
Glisoxepide,-8.9
Levocabastine,-8.9
Indomethacin,-8.9
Benazepril,-8.9
Nabilone,-8.9
Nandrolone decanoate,-8.9
Thioproperazine,-8.9
Riboflavin,-8.9
Verteporfin,-8.9
Loteprednol,-8.9
Loxapine,-8.9
Papaverine,-8.9
Alclometasone,-8.9
Ajmaline,-8.9
Butorphanol,-8.9
Fluvastatin,-8.9
Atracurium,-8.9
Lorazepam,-8.8
Homoharringtonine,-8.8
Ramipril,-8.8
Sparfloxacin,-8.8
Sertraline,-8.8
Sertaconazole,-8.8
Levofloxacin,-8.8
Pergolide,-8.8
Flurazepam,-8.8
Forasartan,-8.8
Flunitrazepam,-8.8
Ardeparin,-8.8
Eletriptan,-8.8
Epinastine,-8.8
Loperamide,-8.8
Udenafil,-8.8
Rocuronium,-8.8
Allylestrenol,-8.8
Vinblastine,-8.8
Estramustine,-8.8
Trandolapril,-8.8
Budesonide,-8.8
Permethrin,-8.8
Dexamethasone,-8.8
Cyclothiazide,-8.8
Nedocromil,-8.8
Yohimbine,-8.8
Balsalazide,-8.8
Terconazole,-8.8
Dabigatran etexilate,-8.8
Indapamide,-8.8
Alprazolam,-8.8
Podofilox,-8.8
Amprenavir,-8.8
Dronabinol,-8.8
Calcidiol,-8.8
Ezetimibe,-8.8
Cinnarizine,-8.7
Rimexolone,-8.7
Estazolam,-8.7
Trazodone,-8.7
Candoxatril,-8.7
Vinorelbine,-8.7
Carprofen,-8.7
Tofisopam,-8.7
Rifapentine,-8.7
Butoconazole,-8.7
Fludiazepam,-8.7
Flecainide,-8.7
Tolnaftate,-8.7
Sunitinib,-8.7
Terazosin,-8.7
Cefotiam,-8.7
Propericiazine,-8.7
Dicumarol,-8.7
Ceftriaxone,-8.7
Valsartan,-8.7
Bosutinib,-8.7
Eszopiclone,-8.7
Butenafine,-8.7
Calcitriol,-8.7
Buspirone,-8.7
Fluphenazine,-8.7
Mesoridazine,-8.7
Enoxaparin,-8.7
Mianserin,-8.7
Halofantrine,-8.7
Chlorthalidone,-8.7
Cyclobenzaprine,-8.7
Prasugrel,-8.7
Prednisolone,-8.7
Acarbose,-8.7
Trilostane,-8.7
Cinalukast,-8.7
Alosetron,-8.7
Acitretin,-8.7
Testosterone,-8.7
Ketazolam,-8.7
Acetophenazine,-8.7
Bedaquiline,-8.7
Tretinoin,-8.7
Beclometasone dipropionate,-8.7
Cephalexin,-8.6
Ketoprofen,-8.6
Phenytoin,-8.6
Dantrolene,-8.6
Pioglitazone,-8.6
Isotretinoin,-8.6
Cilazapril,-8.6
Heroin,-8.6
Haloperidol,-8.6
Norethindrone,-8.6
Desoximetasone,-8.6
Ondansetron,-8.6
Halazepam,-8.6
Methyltestosterone,-8.6
Ceftazidime,-8.6
Cisapride,-8.6
Mebendazole,-8.6
Etonogestrel,-8.6
Rosoxacin,-8.6
Camazepam,-8.6
Oxyphencyclimine,-8.6
Fidaxomicin,-8.6
Aripiprazole,-8.6
Doxepin,-8.6
Trioxsalen,-8.6
Nortriptyline,-8.6
Norgestimate,-8.6
Simvastatin,-8.6
Pefloxacin,-8.6
Encainide,-8.6
Paroxetine,-8.6
Carphenazine,-8.6
Fosamprenavir,-8.6
Pentagastrin,-8.6
Adinazolam,-8.6
Tazarotene,-8.5
Olopatadine,-8.5
Prochlorperazine,-8.5
Amikacin,-8.5
Iloperidone,-8.5
Temsirolimus,-8.5
Azidocillin,-8.5
Cyproheptadine,-8.5
Micafungin,-8.5
Midazolam,-8.5
Mivacurium,-8.5
Ketorolac,-8.5
Trimetrexate,-8.5
Ceforanide,-8.5
Metixene,-8.5
Ceftibuten,-8.5
Phenindamine,-8.5
Bepotastine,-8.5
Mequitazine,-8.5
Bromfenac,-8.5
Quinidine,-8.5
Travoprost,-8.5
Pentazocine,-8.5
Lomefloxacin,-8.5
Fentanyl,-8.5
Acenocoumarol,-8.5
Warfarin,-8.4
Ximelagatran,-8.4
Alcaftadine,-8.4
Alitretinoin,-8.4
Vincristine,-8.4
Nateglinide,-8.4
Rosiglitazone,-8.4
Artemether,-8.4
Masoprocol,-8.4
Drotaverine,-8.4
Lucanthone,-8.4
Linezolid,-8.4
Carbenicillin,-8.4
Carbetocin,-8.4
Fenofibrate,-8.4
Etoricoxib,-8.4
Doxacurium chloride,-8.4
Bicalutamide,-8.4
Cefotetan,-8.4
Spirapril,-8.4
Octreotide,-8.4
Gestodene,-8.4
Diazepam,-8.4
Silodosin,-8.4
Flupenthixol,-8.4
Cefditoren,-8.4
Gatifloxacin,-8.4
Bopindolol,-8.4
Cefazolin,-8.4
Oxazepam,-8.4
Amitriptyline,-8.4
Thioridazine,-8.4
Josamycin,-8.4
Prednicarbate,-8.4
Ingenol Mebutate,-8.4
Triamterene,-8.4
Benzatropine,-8.4
Clonazepam,-8.4
Nefazodone,-8.4
Nicardipine,-8.4
Nitisinone,-8.4
Benzthiazide,-8.4
Pivampicillin,-8.4
Triflupromazine,-8.4
Quinine,-8.3
Streptomycin,-8.3
Triprolidine,-8.3
Diflunisal,-8.3
Roflumilast,-8.3
Cefmenoxime,-8.3
Clobazam,-8.3
Ospemifene,-8.3
Bezafibrate,-8.3
Gliclazide,-8.3
Cefotaxime,-8.3
Carvedilol,-8.3
Cefprozil,-8.3
Gentamicin,-8.3
Perphenazine,-8.3
Hesperetin,-8.3
Norelgestromin,-8.3
Diltiazem,-8.3
Gemifloxacin,-8.3
Loracarbef,-8.3
Tamoxifen,-8.3
Chlordiazepoxide,-8.3
Propantheline,-8.3
Lumefantrine,-8.3
Niflumic Acid,-8.3
Thalidomide,-8.3
Cetirizine,-8.3
Dapiprazole,-8.3
Delorazepam,-8.3
Mycophenolate mofetil,-8.3
Iloprost,-8.3
Iodixanol,-8.3
Pomalidomide,-8.3
Trimethaphan,-8.3
Indecainide,-8.3
Triamcinolone,-8.3
Eprosartan,-8.3
Ciprofloxacin,-8.3
Clidinium,-8.3
Naratriptan,-8.3
Arbutamine,-8.3
Arformoterol,-8.3
Arbekacin,-8.3
Ranolazine,-8.2
Griseofulvin,-8.2
Labetalol,-8.2
Norfloxacin,-8.2
Mitomycin,-8.2
Naftifine,-8.2
Benzquinamide,-8.2
Imipramine,-8.2
Pimecrolimus,-8.2
Pipazethate,-8.2
Icatibant,-8.2
Phenylbutazone,-8.2
Thiethylperazine,-8.2
Amodiaquine,-8.2
Cefepime,-8.2
Boceprevir,-8.2
Protriptyline,-8.2
Fenoldopam,-8.2
Flumazenil,-8.2
Trabectedin,-8.2
Esomeprazole,-8.2
Tolcapone,-8.2
Treprostinil,-8.2
Cinolazepam,-8.2
Vitamin A,-8.2
Bacampicillin,-8.2
Pivmecillinam,-8.2
Metrizamide,-8.2
Mepenzolate,-8.2
Anastrozole,-8.2
Nilutamide,-8.2
Minaprine,-8.2
Metolazone,-8.2
Zolmitriptan,-8.1
Mefenamic acid,-8.1
Alizapride,-8.1
Alfuzosin,-8.1
Repaglinide,-8.1
Amiodarone,-8.1
Trimipramine,-8.1
Flurbiprofen,-8.1
Saxagliptin,-8.1
Dronedarone,-8.1
Toremifene,-8.1
Lymecycline,-8.1
Cefaclor,-8.1
Maprotiline,-8.1
Tobramycin,-8.1
Penicillin G,-8.1
Clomifene,-8.1
Etodolac,-8.1
Naphazoline,-8.1
Moexipril,-8.1
Miconazole,-8.1
Clotiazepam,-8.1
Cephaloglycin,-8.1
Tiagabine,-8.1
Cloxazolam,-8.1
Cinitapride,-8.1
Isradipine,-8.1
Mitiglinide,-8.1
Nisoldipine,-8.1
Niclosamide,-8.1
Probucol,-8.1
Tafluprost,-8.1
Dobutamine,-8.1
Framycetin,-8.1
Ambenonium,-8.1
Omeprazole,-8.1
Olsalazine,-8.1
Methylnaltrexone,-8.1
Oxycodone,-8.1
Erlotinib,-8.0
Hydromorphone,-8.0
Dienestrol,-8.0
Ceftizoxime,-8.0
Cefradine,-8.0
Cefpodoxime,-8.0
Sufentanil,-8.0
Biperiden,-8.0
Frovatriptan,-8.0
Ampicillin,-8.0
Rabeprazole,-8.0
Oxaprozin,-8.0
Caspofungin,-8.0
Doxapram,-8.0
Econazole,-8.0
Letrozole,-8.0
Levallorphan,-8.0
Ridogrel,-8.0
Pentosan Polysulfate,-8.0
Pantoprazole,-8.0
Duloxetine,-8.0
Aceprometazine,-8.0
Zaleplon,-8.0
Anisindione,-8.0
Cefuroxime,-8.0
Tenoxicam,-8.0
Cyclandelate,-8.0
Modafinil,-8.0
Hydroxyzine,-8.0
Demecarium,-8.0
Propiomazine,-8.0
Phenprocoumon,-8.0
Lenalidomide,-8.0
Almotriptan,-8.0
Iohexol,-8.0
Nepafenac,-8.0
Nevirapine,-8.0
Naloxone,-8.0
Acetohexamide,-8.0
Adenosine triphosphate,-7.9
Voriconazole,-7.9
Agomelatine,-7.9
Vitamin E,-7.9
Neomycin,-7.9
Pravastatin,-7.9
Aztreonam,-7.9
Isopropamide,-7.9
Prazepam,-7.9
Bambuterol,-7.9
Quazepam,-7.9
Perhexiline,-7.9
Levobunolol,-7.9
Glycerol Phenylbutyrate,-7.9
Physostigmine,-7.9
Levosimendan,-7.9
Fenoprofen,-7.9
Rizatriptan,-7.9
Antazoline,-7.9
Mazindol,-7.9
Paromomycin,-7.9
Lubiprostone,-7.9
Mepivacaine,-7.9
Escitalopram,-7.9
Bromazepam,-7.9
Cefadroxil,-7.9
Cefdinir,-7.9
Methotrimeprazine,-7.9
Methantheline,-7.9
Meropenem,-7.9
Ruxolitinib,-7.9
Enoxacin,-7.9
Dimethindene,-7.9
Sulpiride,-7.9
Clomipramine,-7.9
Mirabegron,-7.9
Netilmicin,-7.9
Oxiconazole,-7.9
Desogestrel,-7.9
Methdilazine,-7.9
Lornoxicam,-7.8
Polymyxin B Sulfate,-7.8
Pentamidine,-7.8
Oxymorphone,-7.8
Penicillin V,-7.8
S-Adenosylmethionine,-7.8
Lumiracoxib,-7.8
Fenoterol,-7.8
Alfentanil,-7.8
Lisinopril,-7.8
Bupivacaine,-7.8
Fluoxetine,-7.8
Rifampin,-7.8
Reboxetine,-7.8
Leflunomide,-7.8
Phytonadione,-7.8
Kanamycin,-7.8
Latanoprost,-7.8
Phentolamine,-7.8
Trihexyphenidyl,-7.8
Polythiazide,-7.8
Quinacrine,-7.8
Promethazine,-7.8
Iodipamide,-7.8
Cefoxitin,-7.8
Meticillin,-7.8
Enalapril,-7.8
Cefalotin,-7.8
Nabumetone,-7.8
Mycophenolic acid,-7.8
Diphenidol,-7.8
Nitazoxanide,-7.8
Tetrabenazine,-7.8
Naproxen,-7.8
Xylometazoline,-7.8
Acepromazine,-7.8
Morphine,-7.8
Clemastine,-7.8
Desipramine,-7.8
Dipyridamole,-7.8
Tolazamide,-7.7
Cephapirin,-7.7
Terbinafine,-7.7
Clevidipine,-7.7
Amoxicillin,-7.7
Tolmetin,-7.7
Emedastine,-7.7
Dofetilide,-7.7
Oxybenzone,-7.7
Dextromethorphan,-7.7
Amdinocillin,-7.7
Diethylstilbestrol,-7.7
Dezocine,-7.7
Dibucaine,-7.7
Mitoxantrone,-7.7
Sulfadimethoxine,-7.7
Diloxanide,-7.7
Capecitabine,-7.7
Levomethadyl Acetate,-7.7
Hydrocodone,-7.7
Galantamine,-7.7
Flutamide,-7.7
Levorphanol,-7.7
Tolterodine,-7.7
Fesoterodine,-7.7
Ritodrine,-7.7
Progabide,-7.7
Trimeprazine,-7.7
Hydroflumethiazide,-7.7
Imiquimod,-7.7
Methadone,-7.7
Entecavir,-7.7
Alogliptin,-7.7
Hexachlorophene,-7.7
Aliskiren,-7.7
Hexobarbital,-7.7
Atropine,-7.6
Topiramate,-7.6
Ezogabine,-7.6
Ethylmorphine,-7.6
Proflavine,-7.6
Propranolol,-7.6
Hyoscyamine,-7.6
Adefovir Dipivoxil,-7.6
Ethopropazine,-7.6
Spectinomycin,-7.6
Atomoxetine,-7.6
Pemirolast,-7.6
Cyclacillin,-7.6
Abacavir,-7.6
Codeine,-7.6
Diphenylpyraline,-7.6
Methylphenobarbital,-7.6
Dinoprostone,-7.6
Tiaprofenic acid,-7.6
Sulfoxone,-7.6
Carteolol,-7.6
Clotrimazole,-7.6
Oxamniquine,-7.6
Suprofen,-7.6
Cefixime,-7.6
Citalopram,-7.5
Sulfamethazine,-7.5
Sulfisoxazole,-7.5
Methsuximide,-7.5
Oxymetazoline,-7.5
Entacapone,-7.5
Cocaine,-7.5
Cinacalcet,-7.5
Rotigotine,-7.5
Roxatidine acetate,-7.5
Metaxalone,-7.5
Aminoglutethimide,-7.5
Cefmetazole,-7.5
Dextrothyroxine,-7.5
Sulfaphenazole,-7.5
Mupirocin,-7.5
Cyclizine,-7.5
Chlorpromazine,-7.5
Orphenadrine,-7.5
Phenformin,-7.5
Perindopril,-7.5
Glycopyrrolate,-7.5
Heptabarbital,-7.5
Levobupivacaine,-7.5
Procyclidine,-7.5
Formoterol,-7.5
Bumetanide,-7.5
Isothipendyl,-7.5
Vildagliptin,-7.5
Trichlormethiazide,-7.5
Zidovudine,-7.5
Propafenone,-7.5
Procaterol,-7.5
Trimethoprim,-7.5
Trimethobenzamide,-7.5
Tirofiban,-7.5
Tiotropium,-7.5
Anagrelide,-7.5
Methoxsalen,-7.5
Methyclothiazide,-7.5
Clopidogrel,-7.5
Liothyronine,-7.5
Remifentanil,-7.5
Bimatoprost,-7.5
Bevantolol,-7.5
Ramelteon,-7.5
Tioconazole,-7.4
Primaquine,-7.4
Fludarabine,-7.4
Acebutolol,-7.4
Trifluridine,-7.4
Molindone,-7.4
Mitotane,-7.4
Nimodipine,-7.4
Cycrimine,-7.4
Misoprostol,-7.4
Ciclopirox,-7.4
Ticarcillin,-7.4
Clindamycin,-7.4
Sulfadoxine,-7.4
Cinoxacin,-7.4
Efavirenz,-7.4
Scopolamine,-7.4
Dihydrocodeine,-7.4
Brompheniramine,-7.4
Ropivacaine,-7.4
Salsalate,-7.4
Bepridil,-7.4
Aprindine,-7.4
Rifabutin,-7.4
Furosemide,-7.4
Levothyroxine,-7.4
Famciclovir,-7.4
Diclofenac,-7.4
Tacrine,-7.4
Sulfacytine,-7.4
Quinethazone,-7.3
Ioflupane I 123,-7.3
Promazine,-7.3
Phensuximide,-7.3
Zanamivir,-7.3
Benzyl Benzoate,-7.3
Lamotrigine,-7.3
Salmeterol,-7.3
Tropicamide,-7.3
Cabazitaxel,-7.3
Fluconazole,-7.3
Lincomycin,-7.3
Fluvoxamine,-7.3
Verapamil,-7.3
Dexbrompheniramine,-7.3
Mepyramine,-7.3
Epoprostenol,-7.3
Varenicline,-7.3
Venlafaxine,-7.3
Disopyramide,-7.3
Rufinamide,-7.3
Amisulpride,-7.3
Dipivefrin,-7.3
Sumatriptan,-7.3
Sulfametopyrazine,-7.3
Sulfamoxole,-7.3
Cilastatin,-7.3
Nifedipine,-7.3
Clofarabine,-7.3
Monobenzone,-7.2
Nadolol,-7.2
Nitrendipine,-7.2
Aspartame,-7.2
Metipranolol,-7.2
Oxyphenonium,-7.2
Menadione,-7.2
Methylphenidate,-7.2
Tramadol,-7.2
Dexmedetomidine,-7.2
Debrisoquin,-7.2
Ticlopidine,-7.2
Chlorpheniramine,-7.2
Meclofenamic acid,-7.2
Melatonin,-7.2
Cefacetrile,-7.2
Glutethimide,-7.2
Quinupristin,-7.2
Fingolimod,-7.2
Pyrimethamine,-7.2
Ethacrynic acid,-7.2
Enoximone,-7.2
Nilvadipine,-7.2
Adenosine monophosphate,-7.2
Dyclonine,-7.2
Sulfamerazine,-7.2
Penbutolol,-7.1
Lisdexamfetamine,-7.1
Dexmethylphenidate,-7.1
Dicyclomine,-7.1
Cyclopentolate,-7.1
Didanosine,-7.1
Dexrazoxane,-7.1
Diphenhydramine,-7.1
Ropinirole,-7.1
Dorzolamide,-7.1
Hydrochlorothiazide,-7.1
Felbamate,-7.1
Pheniramine,-7.1
Phenazopyridine,-7.1
Chloroquine,-7.1
Brinzolamide,-7.1
Betaxolol,-7.1
Doxylamine,-7.1
Adenosine,-7.1
Guanfacine,-7.1
Gemfibrozil,-7.1
Isocarboxazid,-7.1
Methadyl Acetate,-7.1
Nitrofurantoin,-7.1
Benzphetamine,-7.1
Bromodiphenhydramine,-7.0
Tymazoline,-7.0
Mephenytoin,-7.0
Chlophedianol,-7.0
Marimastat,-7.0
Tamsulosin,-7.0
Tenofovir,-7.0
Desvenlafaxine,-7.0
Brimonidine,-7.0
Chloramphenicol,-7.0
Chloropyramine,-7.0
Moclobemide,-7.0
Milnacipran,-7.0
Sulfamethizole,-7.0
Sulfapyridine,-7.0
Felodipine,-7.0
Hydralazine,-7.0
Procarbazine,-7.0
Sulfamethoxazole,-7.0
Dirithromycin,-7.0
Riluzole,-7.0
Remoxipride,-7.0
Nalidixic Acid,-7.0
Proguanil,-7.0
Deferoxamine,-7.0
Dapsone,-7.0
Chlorothiazide,-7.0
Tetrahydrobiopterin,-7.0
Phenobarbital,-7.0
Carbinoxamine,-7.0
Zileuton,-7.0
Albendazole,-7.0
Dexfenfluramine,-6.9
Cladribine,-6.9
Pentoxifylline,-6.9
Phenoxybenzamine,-6.9
Pentostatin,-6.9
Hexylcaine,-6.9
Sotalol,-6.9
Propoxyphene,-6.9
Sulfadiazine,-6.9
Ethoxzolamide,-6.9
Glycodiazine,-6.9
Ibudilast,-6.9
Ibuprofen,-6.9
Oseltamivir,-6.9
Nitroxoline,-6.9
Metyrapone,-6.9
Oxitriptan,-6.9
Tridihexethyl,-6.9
Tazobactam,-6.9
Oxybutynin,-6.9
Orlistat,-6.9
L-Tryptophan,-6.9
Telbivudine,-6.9
Metoprolol,-6.8
Amlodipine,-6.8
Pindolol,-6.8
Levamisole,-6.8
Azathioprine,-6.8
Penciclovir,-6.8
Alprostadil,-6.8
Ethotoin,-6.8
Rifaximin,-6.8
Guanabenz,-6.8
Rivastigmine,-6.8
Fencamfamine,-6.8
Chlormezanone,-6.8
Chlorpropamide,-6.8
Atenolol,-6.8
Bupropion,-6.8
Amobarbital,-6.8
Tripelennamine,-6.8
Icosapent,-6.8
Hydroxychloroquine,-6.8
Fospropofol,-6.8
Gemcitabine,-6.8
Iophendylate,-6.8
Practolol,-6.8
Stavudine,-6.8
Diatrizoate,-6.8
Esmolol,-6.8
Imipenem,-6.8
Nelarabine,-6.7
Alverine,-6.7
Guanadrel Sulfate,-6.7
Ribavirin,-6.7
Lacosamide,-6.7
Phenmetrazine,-6.7
Bisoprolol,-6.7
Vidarabine,-6.7
Milrinone,-6.7
Bupranolol,-6.7
Tolbutamide,-6.7
Tiludronate,-6.7
Phenacemide,-6.7
Tocainide,-6.7
Primidone,-6.7
Emtricitabine,-6.7
Risedronate,-6.7
Iobenguane,-6.7
Diazoxide,-6.7
Valaciclovir,-6.7
Sulfathiazole,-6.7
gamma-Homolinolenic acid,-6.6
Vorinostat,-6.6
Alpha-Linolenic Acid,-6.6
Ibutilide,-6.6
Floxuridine,-6.6
Lidocaine,-6.6
Thiamine,-6.6
Amrinone,-6.6
Valganciclovir,-6.6
Meperidine,-6.6
Chlorambucil,-6.6
Phosphatidylserine,-6.6
Cytarabine,-6.6
Bethanidine,-6.6
Amiloride,-6.6
Furazolidone,-6.6
Prilocaine,-6.5
Stepronin,-6.5
Idoxuridine,-6.5
Sibutramine,-6.5
Dichlorphenamide,-6.5
Proparacaine,-6.5
Zalcitabine,-6.5
Probenecid,-6.5
Aminophenazone,-6.5
Metoclopramide,-6.5
Methocarbamol,-6.5
Zonisamide,-6.5
Minoxidil,-6.5
Oxybuprocaine,-6.5
Thiabendazole,-6.5
Levomilnacipran,-6.4
Pentobarbital,-6.4
Phendimetrazine,-6.4
Midodrine,-6.4
Aminohippurate,-6.4
Methohexital,-6.4
Tizanidine,-6.4
Chloroxine,-6.4
Timolol,-6.4
Spaglumic Acid,-6.4
Dyphylline,-6.4
Ketamine,-6.4
Salbutamol,-6.4
Etomidate,-6.4
Clofibrate,-6.4
Mexiletine,-6.3
Nitrofurazone,-6.3
Azacitidine,-6.3
Methyldopa,-6.3
Butalbital,-6.3
Butethal,-6.3
Acyclovir,-6.3
Decitabine,-6.3
Lactulose,-6.3
Clenbuterol,-6.3
Colistin,-6.3
Melphalan,-6.3
Carisoprodol,-6.3
Chloroprocaine,-6.3
Memantine,-6.3
Secobarbital,-6.3
Icosapent ethyl,-6.3
Isoproterenol,-6.3
Droxidopa,-6.3
Sulfacetamide,-6.3
Isoetharine,-6.3
Ganciclovir,-6.3
Guanethidine,-6.3
Acetylsalicylic acid,-6.3
Rasagiline,-6.2
Metyrosine,-6.2
Famotidine,-6.2
Apraclonidine,-6.2
Roxithromycin,-6.2
Ibandronate,-6.2
Butabarbital,-6.2
Pramipexole,-6.2
Talbutal,-6.2
Pirbuterol,-6.2
Crotamiton,-6.2
Cerulenin,-6.2
Tapentadol,-6.2
Temozolomide,-6.2
Clarithromycin,-6.2
Terbutaline,-6.2
Lofexidine,-6.2
Lamivudine,-6.2
Chlorphenesin,-6.2
Procainamide,-6.1
Propofol,-6.1
Oxprenolol,-6.1
Degarelix,-6.1
Diethylpropion,-6.1
Azithromycin,-6.1
Alprenolol,-6.1
Lomustine,-6.1
Procaine,-6.1
Glutathione,-6.1
Selegiline,-6.1
Antipyrine,-6.1
Baclofen,-6.1
Cidofovir,-6.1
Streptozocin,-6.0
Benzonatate,-6.0
Tolazoline,-6.0
Levodopa,-6.0
Levonordefrin,-6.0
Thiamylal,-6.0
Pilocarpine,-6.0
Tinidazole,-6.0
Erythrityl Tetranitrate,-6.0
Enprofylline,-6.0
Caffeine,-6.0
Isosorbide Dinitrate,-6.0
L-Phenylalanine,-6.0
Orciprenaline,-6.0
Aprobarbital,-6.0
Neostigmine,-6.0
Cimetidine,-6.0
L-Tyrosine,-6.0
Clonidine,-6.0
Metharbital,-5.9
Methoxamine,-5.9
Meprobamate,-5.9
Voglibose,-5.9
Mephentermine,-5.9
Mimosine,-5.9
Nizatidine,-5.9
Thiopental,-5.9
Chlorzoxazone,-5.9
Bretylium,-5.8
Haloprogin,-5.8
Benzocaine,-5.8
Clavulanate,-5.8
Theophylline,-5.8
Pentolinium,-5.8
Acetaminophen,-5.8
Docosanol,-5.8
Epinephrine,-5.8
Nonoxynol-9,-5.8
Zoledronate,-5.8
Methazolamide,-5.8
Cyanocobalamin,-5.7
Pipobroman,-5.7
Phentermine,-5.7
Nicotine,-5.7
Theobromine,-5.7
Phenelzine,-5.7
Pargyline,-5.7
Biotin,-5.7
Rimantadine,-5.7
Ranitidine,-5.7
Pseudoephedrine,-5.7
Guaifenesin,-5.7
Metaraminol,-5.7
Methyprylon,-5.7
Acetazolamide,-5.6
Menthol,-5.6
Miglustat,-5.6
Methamphetamine,-5.6
Ethionamide,-5.6
Pyridoxal,-5.6
Tranylcypromine,-5.6
Diethylcarbamazine,-5.6
Ephedrine,-5.6
Phenylpropanolamine,-5.6
Malathion,-5.5
Edrophonium,-5.5
Ethinamate,-5.5
Isoniazid,-5.5
Dopamine,-5.5
Polidocanol,-5.5
Pyridoxine,-5.5
Sodium Tetradecyl Sulfate,-5.5
Carglumic Acid,-5.5
Nitroglycerin,-5.5
Amphetamine,-5.5
Phenylephrine,-5.5
Norepinephrine,-5.5
Dextroamphetamine,-5.4
Succinylcholine,-5.4
Salicylamide,-5.4
Gabapentin,-5.4
Azelaic Acid,-5.4
Propylthiouracil,-5.4
Pregabalin,-5.4
Aminosalicylic Acid,-5.4
Uracil mustard,-5.4
L-Arginine,-5.4
Pyridostigmine,-5.4
Tranexamic Acid,-5.3
Isosorbide Mononitrate,-5.3
Decamethonium,-5.3
Isoflurophate,-5.3
Captopril,-5.3
Carbimazole,-5.3
Mesalazine,-5.3
Thioguanine,-5.3
Levetiracetam,-5.3
Propylhexedrine,-5.3
Ifosfamide,-5.3
Amantadine,-5.3
Ethambutol,-5.2
Edetic Acid,-5.2
Cevimeline,-5.2
Pralidoxime,-5.2
Mecamylamine,-5.2
Cyclophosphamide,-5.2
L-Histidine,-5.2
Everolimus,-5.2
Salicyclic acid,-5.2
Altretamine,-5.1
Clodronate,-5.1
Dacarbazine,-5.1
Busulfan,-5.1
Sulfanilamide,-5.1
Isoflurane,-5.1
L-Citrulline,-5.1
Alendronate,-5.1
Spermine,-5.0
L-Glutamic Acid,-5.0
Hydroxocobalamin,-5.0
N-Acetyl-D-glucosamine,-5.0
Allopurinol,-5.0
L-Glutamine,-5.0
Deferiprone,-5.0
Metformin,-5.0
Ethosuximide,-4.9
Miglitol,-4.9
Pamidronate,-4.9
Mercaptopurine,-4.9
Desflurane,-4.9
L-Cystine,-4.9
Disulfiram,-4.9
Isometheptene,-4.9
Enflurane,-4.9
Echothiophate,-4.9
Vitamin C,-4.9
Etidronic acid,-4.9
Metronidazole,-4.9
Lindane,-4.9
Lipoic Acid,-4.9
Acamprosate,-4.8
Niacin,-4.8
Adenine,-4.8
Perflutren,-4.8
Paramethadione,-4.8
Sevoflurane,-4.8
Glucosamine,-4.8
Betahistine,-4.8
Benzyl alcohol,-4.7
Hydroxyproline,-4.7
L-Isoleucine,-4.7
Valproic Acid,-4.7
Carmustine,-4.6
Creatine,-4.6
L-Leucine,-4.6
L-Aspartic Acid,-4.6
L-Proline,-4.6
L-Asparagine,-4.6
Bethanechol,-4.6
Fluorouracil,-4.6
Mannitol,-4.6
L-Lysine,-4.6
Flucytosine,-4.6
Vigabatrin,-4.6
Pyrazinamide,-4.6
Aminocaproic Acid,-4.5
Ethchlorvynol,-4.5
L-Serine,-4.5
Succinic acid,-4.5
Betazole,-4.5
Trimethadione,-4.5
L-Ornithine,-4.5
Methyl aminolevulinate,-4.4
Methacholine,-4.4
Chlormerodrin,-4.4
Phenol,-4.4
Acetylcysteine,-4.4
L-Valine,-4.4
Aminolevulinic acid,-4.4
Hydroxyurea,-4.4
Amifostine,-4.3
Nitroprusside,-4.3
Amyl Nitrite,-4.3
L-Methionine,-4.2
Cycloserine,-4.2
L-Threonine,-4.2
L-Alanine,-4.1
Acetohydroxamic Acid,-4.1
Gamma Hydroxybutyric Acid,-4.1
Pyruvic acid,-4.1
L-Carnitine,-4.1
Fosfomycin,-4.0
Penicillamine,-4.0
Foscarnet,-4.0
Glycine,-4.0
Succimer,-4.0
Methoxyflurane,-4.0
Thiotepa,-3.9
L-Cysteine,-3.8
Halothane,-3.7
Dalfampridine,-3.7
Guanidine,-3.7
Candicidin,-3.6
Mechlorethamine,-3.6
Methimazole,-3.5
Fomepizole,-3.5
Piperazine,-3.3
Choline,-3.1
Nitric Oxide,-3.0
Vancomycin,-2.8
Acetic acid,-2.8
Dimercaprol,-2.8
Ethanol,-2.5
Cysteamine,-2.5
Dimethyl sulfoxide,-2.4
Bacitracin,-2.3
Magnesium oxide,-2.1
Iron,-1.3
Selenium Sulfide,-1.2
Zinc,-1.2
Colistimethate,-1.0
Dactinomycin,-0.8
Anidulafungin,6.3
Cyclosporine,11.8
Amphotericin B,14.2
Linaclotide,83.4
